url,title,content,main_keyword
https://noithattheone.vn/tin-tuc/huong-ban-lam-viec.html,hướng bàn làm việc,hướng bàn làm việc. Bài viết về chủ đề hướng bàn làm việc dành cho người quan tâm. Trong bài này chúng ta sẽ tìm hiểu chi tiết về hướng bàn làm việc. hướng bàn làm việc. chọn hướng bàn làm việc năm 2025.  Đây là phần giữa bài viết với nội dung mở rộng về hướng bàn làm việc và các vấn đề liên quan. Cùng tham khảo thêm các bài khác để hiểu sâu hơn về hướng bàn làm việc. Kết luận: việc nắm rõ hướng bàn làm việc sẽ giúp bạn lựa chọn tốt hơn.,hướng bàn làm việc
https://noithattheone.vn/tin-tuc/huong-ke-ban-lam-viec-tuoi-quy-hoi.html,hướng kê bàn làm việc tuổi quý hợi,hướng kê bàn làm việc tuổi quý hợi. Bài viết về chủ đề hướng kê bàn làm việc tuổi quý hợi dành cho người quan tâm. Trong bài này chúng ta sẽ tìm hiểu chi tiết về hướng kê bàn làm việc tuổi quý hợi. hướng kê bàn làm việc tuổi quý hợi. kê bàn làm việc theo tuổi.  Đây là phần giữa bài viết với nội dung mở rộng về hướng kê bàn làm việc tuổi quý hợi và các vấn đề liên quan. Cùng tham khảo thêm các bài khác để hiểu sâu hơn về hướng kê bàn làm việc tuổi quý hợi. Kết luận: việc nắm rõ hướng kê bàn làm việc tuổi quý hợi sẽ giúp bạn lựa chọn tốt hơn.,hướng kê bàn làm việc tuổi quý hợi
https://noithattheone.vn/tin-tuc/huong-ban-lam-viec-tuoi-canh-ngo.html,hướng bàn làm việc tuổi canh ngọ,hướng bàn làm việc tuổi canh ngọ. Bài viết về chủ đề hướng bàn làm việc tuổi canh ngọ dành cho người quan tâm. Trong bài này chúng ta sẽ tìm hiểu chi tiết về hướng bàn làm việc tuổi canh ngọ. hướng bàn làm việc tuổi canh ngọ. phong thủy bàn làm việc mệnh kim.  Đây là phần giữa bài viết với nội dung mở rộng về hướng bàn làm việc tuổi canh ngọ và các vấn đề liên quan. Cùng tham khảo thêm các bài khác để hiểu sâu hơn về hướng bàn làm việc tuổi canh ngọ. Kết luận: việc nắm rõ hướng bàn làm việc tuổi canh ngọ sẽ giúp bạn lựa chọn tốt hơn.,hướng bàn làm việc tuổi canh ngọ
https://noithattheone.vn/tin-tuc/phong-thuy-ban-lam-viec-cho-nguoi-menh-kim.html,phong thủy bàn làm việc mệnh kim,phong thủy bàn làm việc mệnh kim. Bài viết về chủ đề phong thủy bàn làm việc mệnh kim dành cho người quan tâm. Trong bài này chúng ta sẽ tìm hiểu chi tiết về phong thủy bàn làm việc mệnh kim. phong thủy bàn làm việc mệnh kim. phong thủy bàn làm việc mệnh mộc.  Đây là phần giữa bài viết với nội dung mở rộng về phong thủy bàn làm việc mệnh kim và các vấn đề liên quan. Cùng tham khảo thêm các bài khác để hiểu sâu hơn về phong thủy bàn làm việc mệnh kim. Kết luận: việc nắm rõ phong thủy bàn làm việc mệnh kim sẽ giúp bạn lựa chọn tốt hơn.,phong thủy bàn làm việc mệnh kim
https://noithattheone.vn/tin-tuc/phong-thuy-ban-lam-viec-menh-moc.html,phong thủy bàn làm việc mệnh mộc,phong thủy bàn làm việc mệnh mộc. Bài viết về chủ đề phong thủy bàn làm việc mệnh mộc dành cho người quan tâm. Trong bài này chúng ta sẽ tìm hiểu chi tiết về phong thủy bàn làm việc mệnh mộc. phong thủy bàn làm việc mệnh mộc. phong thủy bàn làm việc mệnh thủy.  Đây là phần giữa bài viết với nội dung mở rộng về phong thủy bàn làm việc mệnh mộc và các vấn đề liên quan. Cùng tham khảo thêm các bài khác để hiểu sâu hơn về phong thủy bàn làm việc mệnh mộc. Kết luận: việc nắm rõ phong thủy bàn làm việc mệnh mộc sẽ giúp bạn lựa chọn tốt hơn.,phong thủy bàn làm việc mệnh mộc
https://noithattheone.vn/tin-tuc/phong-thuy-ban-lam-viec-menh-thuy.html,phong thủy bàn làm việc mệnh thủy,phong thủy bàn làm việc mệnh thủy. Bài viết về chủ đề phong thủy bàn làm việc mệnh thủy dành cho người quan tâm. Trong bài này chúng ta sẽ tìm hiểu chi tiết về phong thủy bàn làm việc mệnh thủy. phong thủy bàn làm việc mệnh thủy. phong thủy bàn làm việc cho người mệnh hỏa.  Đây là phần giữa bài viết với nội dung mở rộng về phong thủy bàn làm việc mệnh thủy và các vấn đề liên quan. Cùng tham khảo thêm các bài khác để hiểu sâu hơn về phong thủy bàn làm việc mệnh thủy. Kết luận: việc nắm rõ phong thủy bàn làm việc mệnh thủy sẽ giúp bạn lựa chọn tốt hơn.,phong thủy bàn làm việc mệnh thủy
https://noithattheone.vn/tin-tuc/phong-thuy-ban-lam-viec-cho-nguoi-menh-hoa.html,phong thủy bàn làm việc cho người mệnh hỏa,phong thủy bàn làm việc cho người mệnh hỏa. Bài viết về chủ đề phong thủy bàn làm việc cho người mệnh hỏa dành cho người quan tâm. Trong bài này chúng ta sẽ tìm hiểu chi tiết về phong thủy bàn làm việc cho người mệnh hỏa. phong thủy bàn làm việc cho người mệnh hỏa. phong thủy bàn làm việc cho người mệnh thổ.  Đây là phần giữa bài viết với nội dung mở rộng về phong thủy bàn làm việc cho người mệnh hỏa và các vấn đề liên quan. Cùng tham khảo thêm các bài khác để hiểu sâu hơn về phong thủy bàn làm việc cho người mệnh hỏa. Kết luận: việc nắm rõ phong thủy bàn làm việc cho người mệnh hỏa sẽ giúp bạn lựa chọn tốt hơn.,phong thủy bàn làm việc cho người mệnh hỏa
https://noithattheone.vn/tin-tuc/phong-thuy-ban-lam-viec-cho-nguoi-menh-tho.html,phong thủy bàn làm việc cho người mệnh thổ,phong thủy bàn làm việc cho người mệnh thổ. Bài viết về chủ đề phong thủy bàn làm việc cho người mệnh thổ dành cho người quan tâm. Trong bài này chúng ta sẽ tìm hiểu chi tiết về phong thủy bàn làm việc cho người mệnh thổ. phong thủy bàn làm việc cho người mệnh thổ. phong thủy đặt bàn làm việc tại cơ quan.  Đây là phần giữa bài viết với nội dung mở rộng về phong thủy bàn làm việc cho người mệnh thổ và các vấn đề liên quan. Cùng tham khảo thêm các bài khác để hiểu sâu hơn về phong thủy bàn làm việc cho người mệnh thổ. Kết luận: việc nắm rõ phong thủy bàn làm việc cho người mệnh thổ sẽ giúp bạn lựa chọn tốt hơn.,phong thủy bàn làm việc cho người mệnh thổ
https://noithattheone.vn/tin-tuc/menh-hoa-hop-cay-gi-de-ban-lam-viec.html,mệnh hoả hợp cây gì để bàn làm việc,mệnh hoả hợp cây gì để bàn làm việc. Bài viết về chủ đề mệnh hoả hợp cây gì để bàn làm việc dành cho người quan tâm. Trong bài này chúng ta sẽ tìm hiểu chi tiết về mệnh hoả hợp cây gì để bàn làm việc. mệnh hoả hợp cây gì để bàn làm việc. mệnh kim hợp cây gì để bàn làm việc.  Đây là phần giữa bài viết với nội dung mở rộng về mệnh hoả hợp cây gì để bàn làm việc và các vấn đề liên quan. Cùng tham khảo thêm các bài khác để hiểu sâu hơn về mệnh hoả hợp cây gì để bàn làm việc. Kết luận: việc nắm rõ mệnh hoả hợp cây gì để bàn làm việc sẽ giúp bạn lựa chọn tốt hơn.,mệnh hoả hợp cây gì để bàn làm việc
https://noithattheone.vn/tin-tuc/menh-kim-hop-cay-gi-de-ban-lam-viec.html,mệnh kim hợp cây gì để bàn làm việc,mệnh kim hợp cây gì để bàn làm việc. Bài viết về chủ đề mệnh kim hợp cây gì để bàn làm việc dành cho người quan tâm. Trong bài này chúng ta sẽ tìm hiểu chi tiết về mệnh kim hợp cây gì để bàn làm việc. mệnh kim hợp cây gì để bàn làm việc. mệnh mộc hợp cây gì để bàn làm việc.  Đây là phần giữa bài viết với nội dung mở rộng về mệnh kim hợp cây gì để bàn làm việc và các vấn đề liên quan. Cùng tham khảo thêm các bài khác để hiểu sâu hơn về mệnh kim hợp cây gì để bàn làm việc. Kết luận: việc nắm rõ mệnh kim hợp cây gì để bàn làm việc sẽ giúp bạn lựa chọn tốt hơn.,mệnh kim hợp cây gì để bàn làm việc
https://noithattheone.vn/tin-tuc/menh-moc-hop-cay-gi-de-ban-lam-viec.html,mệnh mộc hợp cây gì để bàn làm việc,mệnh mộc hợp cây gì để bàn làm việc. Bài viết về chủ đề mệnh mộc hợp cây gì để bàn làm việc dành cho người quan tâm. Trong bài này chúng ta sẽ tìm hiểu chi tiết về mệnh mộc hợp cây gì để bàn làm việc. mệnh mộc hợp cây gì để bàn làm việc. mệnh thổ hợp cây gì để bàn làm việc.  Đây là phần giữa bài viết với nội dung mở rộng về mệnh mộc hợp cây gì để bàn làm việc và các vấn đề liên quan. Cùng tham khảo thêm các bài khác để hiểu sâu hơn về mệnh mộc hợp cây gì để bàn làm việc. Kết luận: việc nắm rõ mệnh mộc hợp cây gì để bàn làm việc sẽ giúp bạn lựa chọn tốt hơn.,mệnh mộc hợp cây gì để bàn làm việc
https://noithattheone.vn/tin-tuc/menh-tho-hop-cay-gi-de-ban-lam-viec.html,mệnh thổ hợp cây gì để bàn làm việc,mệnh thổ hợp cây gì để bàn làm việc. Bài viết về chủ đề mệnh thổ hợp cây gì để bàn làm việc dành cho người quan tâm. Trong bài này chúng ta sẽ tìm hiểu chi tiết về mệnh thổ hợp cây gì để bàn làm việc. mệnh thổ hợp cây gì để bàn làm việc. mệnh thuỷ hợp cây gì để bàn làm việc.  Đây là phần giữa bài viết với nội dung mở rộng về mệnh thổ hợp cây gì để bàn làm việc và các vấn đề liên quan. Cùng tham khảo thêm các bài khác để hiểu sâu hơn về mệnh thổ hợp cây gì để bàn làm việc. Kết luận: việc nắm rõ mệnh thổ hợp cây gì để bàn làm việc sẽ giúp bạn lựa chọn tốt hơn.,mệnh thổ hợp cây gì để bàn làm việc
https://noithattheone.vn/tin-tuc/menh-thuy-hop-cay-gi-de-ban-lam-viec.html,mệnh thuỷ hợp cây gì để bàn làm việc,mệnh thuỷ hợp cây gì để bàn làm việc. Bài viết về chủ đề mệnh thuỷ hợp cây gì để bàn làm việc dành cho người quan tâm. Trong bài này chúng ta sẽ tìm hiểu chi tiết về mệnh thuỷ hợp cây gì để bàn làm việc. mệnh thuỷ hợp cây gì để bàn làm việc. vật phong thủy để bàn làm việc tuổi quý hợi.  Đây là phần giữa bài viết với nội dung mở rộng về mệnh thuỷ hợp cây gì để bàn làm việc và các vấn đề liên quan. Cùng tham khảo thêm các bài khác để hiểu sâu hơn về mệnh thuỷ hợp cây gì để bàn làm việc. Kết luận: việc nắm rõ mệnh thuỷ hợp cây gì để bàn làm việc sẽ giúp bạn lựa chọn tốt hơn.,mệnh thuỷ hợp cây gì để bàn làm việc
https://noithattheone.vn/tin-tuc/vat-phong-thuy-de-ban-lam-viec-tuoi-quy-hoi.html,vật phong thủy để bàn làm việc tuổi quý hợi,vật phong thủy để bàn làm việc tuổi quý hợi. Bài viết về chủ đề vật phong thủy để bàn làm việc tuổi quý hợi dành cho người quan tâm. Trong bài này chúng ta sẽ tìm hiểu chi tiết về vật phong thủy để bàn làm việc tuổi quý hợi. vật phong thủy để bàn làm việc tuổi quý hợi. quy định về hướng bàn làm việc.  Đây là phần giữa bài viết với nội dung mở rộng về vật phong thủy để bàn làm việc tuổi quý hợi và các vấn đề liên quan. Cùng tham khảo thêm các bài khác để hiểu sâu hơn về vật phong thủy để bàn làm việc tuổi quý hợi. Kết luận: việc nắm rõ vật phong thủy để bàn làm việc tuổi quý hợi sẽ giúp bạn lựa chọn tốt hơn.,vật phong thủy để bàn làm việc tuổi quý hợi
https://noithattheone.vn/tin-tuc/ban-lam-viec-doi-dien-cua-ra-vao.html,bàn làm việc đối diện cửa ra vào,bàn làm việc đối diện cửa ra vào. Bài viết về chủ đề bàn làm việc đối diện cửa ra vào dành cho người quan tâm. Trong bài này chúng ta sẽ tìm hiểu chi tiết về bàn làm việc đối diện cửa ra vào. bàn làm việc đối diện cửa ra vào. kê bàn làm việc trong phòng ngủ.  Đây là phần giữa bài viết với nội dung mở rộng về bàn làm việc đối diện cửa ra vào và các vấn đề liên quan. Cùng tham khảo thêm các bài khác để hiểu sâu hơn về bàn làm việc đối diện cửa ra vào. Kết luận: việc nắm rõ bàn làm việc đối diện cửa ra vào sẽ giúp bạn lựa chọn tốt hơn.,bàn làm việc đối diện cửa ra vào
https://noithattheone.vn/tin-tuc/ke-ban-lam-viec-trong-phong-ngu.html,kê bàn làm việc trong phòng ngủ,kê bàn làm việc trong phòng ngủ. Bài viết về chủ đề kê bàn làm việc trong phòng ngủ dành cho người quan tâm. Trong bài này chúng ta sẽ tìm hiểu chi tiết về kê bàn làm việc trong phòng ngủ. kê bàn làm việc trong phòng ngủ. trang trí bàn làm việc tại văn phòng.  Đây là phần giữa bài viết với nội dung mở rộng về kê bàn làm việc trong phòng ngủ và các vấn đề liên quan. Cùng tham khảo thêm các bài khác để hiểu sâu hơn về kê bàn làm việc trong phòng ngủ. Kết luận: việc nắm rõ kê bàn làm việc trong phòng ngủ sẽ giúp bạn lựa chọn tốt hơn.,kê bàn làm việc trong phòng ngủ
https://noithattheone.vn/tin-tuc/trang-tri-ban-lam-viec-tai-van-phong.html,trang trí bàn làm việc tại văn phòng,trang trí bàn làm việc tại văn phòng. Bài viết về chủ đề trang trí bàn làm việc tại văn phòng dành cho người quan tâm. Trong bài này chúng ta sẽ tìm hiểu chi tiết về trang trí bàn làm việc tại văn phòng. trang trí bàn làm việc tại văn phòng. kê bàn học góc nhà có tốt không.  Đây là phần giữa bài viết với nội dung mở rộng về trang trí bàn làm việc tại văn phòng và các vấn đề liên quan. Cùng tham khảo thêm các bài khác để hiểu sâu hơn về trang trí bàn làm việc tại văn phòng. Kết luận: việc nắm rõ trang trí bàn làm việc tại văn phòng sẽ giúp bạn lựa chọn tốt hơn.,trang trí bàn làm việc tại văn phòng
https://noithattheone.vn/tin-tuc/ke-ban-hoc-goc-nha-co-tot-khong.html,kê bàn học góc nhà có tốt không,kê bàn học góc nhà có tốt không. Bài viết về chủ đề kê bàn học góc nhà có tốt không dành cho người quan tâm. Trong bài này chúng ta sẽ tìm hiểu chi tiết về kê bàn học góc nhà có tốt không. kê bàn học góc nhà có tốt không. kê bàn học theo phong thủy.  Đây là phần giữa bài viết với nội dung mở rộng về kê bàn học góc nhà có tốt không và các vấn đề liên quan. Cùng tham khảo thêm các bài khác để hiểu sâu hơn về kê bàn học góc nhà có tốt không. Kết luận: việc nắm rõ kê bàn học góc nhà có tốt không sẽ giúp bạn lựa chọn tốt hơn.,kê bàn học góc nhà có tốt không
https://noithattheone.vn/tin-tuc/ke-ban-hoc-hop-phong-thuy.html,kê bàn học hợp phong thủy,kê bàn học hợp phong thủy. Bài viết về chủ đề kê bàn học hợp phong thủy dành cho người quan tâm. Trong bài này chúng ta sẽ tìm hiểu chi tiết về kê bàn học hợp phong thủy. kê bàn học hợp phong thủy. hướng kê bàn học cho tuổi 2015.  Đây là phần giữa bài viết với nội dung mở rộng về kê bàn học hợp phong thủy và các vấn đề liên quan. Cùng tham khảo thêm các bài khác để hiểu sâu hơn về kê bàn học hợp phong thủy. Kết luận: việc nắm rõ kê bàn học hợp phong thủy sẽ giúp bạn lựa chọn tốt hơn.,kê bàn học hợp phong thủy
https://noithattheone.vn/tin-tuc/huong-ke-ban-hoc-cho-tuoi-2015.html,hướng kê bàn học cho tuổi 2015,hướng kê bàn học cho tuổi 2015. Bài viết về chủ đề hướng kê bàn học cho tuổi 2015 dành cho người quan tâm. Trong bài này chúng ta sẽ tìm hiểu chi tiết về hướng kê bàn học cho tuổi 2015. hướng kê bàn học cho tuổi 2015. hướng kê bàn học cho tuổi 2018.  Đây là phần giữa bài viết với nội dung mở rộng về hướng kê bàn học cho tuổi 2015 và các vấn đề liên quan. Cùng tham khảo thêm các bài khác để hiểu sâu hơn về hướng kê bàn học cho tuổi 2015. Kết luận: việc nắm rõ hướng kê bàn học cho tuổi 2015 sẽ giúp bạn lựa chọn tốt hơn.,hướng kê bàn học cho tuổi 2015
https://noithattheone.vn/tin-tuc/huong-ke-ban-hoc-cho-tuoi-2018.html,hướng kê bàn học cho tuổi 2018,hướng kê bàn học cho tuổi 2018. Bài viết về chủ đề hướng kê bàn học cho tuổi 2018 dành cho người quan tâm. Trong bài này chúng ta sẽ tìm hiểu chi tiết về hướng kê bàn học cho tuổi 2018. hướng kê bàn học cho tuổi 2018. Cách lắp bàn làm việc tại nhà siêu tốc - áp dụng cho mọi loại bàn.  Đây là phần giữa bài viết với nội dung mở rộng về hướng kê bàn học cho tuổi 2018 và các vấn đề liên quan. Cùng tham khảo thêm các bài khác để hiểu sâu hơn về hướng kê bàn học cho tuổi 2018. Kết luận: việc nắm rõ hướng kê bàn học cho tuổi 2018 sẽ giúp bạn lựa chọn tốt hơn.,hướng kê bàn học cho tuổi 2018
https://noithattheone.vn/tin-tuc/cach-lap-ban-lam-viec.html,cách lắp bàn làm việc,cách lắp bàn làm việc. Bài viết về chủ đề cách lắp bàn làm việc dành cho người quan tâm. Trong bài này chúng ta sẽ tìm hiểu chi tiết về cách lắp bàn làm việc. cách lắp bàn làm việc. hướng dẫn lắp bàn ghế học sinh.  Đây là phần giữa bài viết với nội dung mở rộng về cách lắp bàn làm việc và các vấn đề liên quan. Cùng tham khảo thêm các bài khác để hiểu sâu hơn về cách lắp bàn làm việc. Kết luận: việc nắm rõ cách lắp bàn làm việc sẽ giúp bạn lựa chọn tốt hơn.,cách lắp bàn làm việc
https://noithattheone.vn/tin-tuc/cach-lap-ban-hoc-sinh.html,cách lắp bàn học sinh,cách lắp bàn học sinh. Bài viết về chủ đề cách lắp bàn học sinh dành cho người quan tâm. Trong bài này chúng ta sẽ tìm hiểu chi tiết về cách lắp bàn học sinh. cách lắp bàn học sinh. quy trình sản xuất bàn ghế học sinh.  Đây là phần giữa bài viết với nội dung mở rộng về cách lắp bàn học sinh và các vấn đề liên quan. Cùng tham khảo thêm các bài khác để hiểu sâu hơn về cách lắp bàn học sinh. Kết luận: việc nắm rõ cách lắp bàn học sinh sẽ giúp bạn lựa chọn tốt hơn.,cách lắp bàn học sinh
https://noithattheone.vn/tin-tuc/quy-trinh-san-xuat-ban-ghe-hoc-sinh.html,quy trình sản xuất bàn ghế học sinh,quy trình sản xuất bàn ghế học sinh. Bài viết về chủ đề quy trình sản xuất bàn ghế học sinh dành cho người quan tâm. Trong bài này chúng ta sẽ tìm hiểu chi tiết về quy trình sản xuất bàn ghế học sinh. quy trình sản xuất bàn ghế học sinh. kích thước bàn làm việc tiêu chuẩn.  Đây là phần giữa bài viết với nội dung mở rộng về quy trình sản xuất bàn ghế học sinh và các vấn đề liên quan. Cùng tham khảo thêm các bài khác để hiểu sâu hơn về quy trình sản xuất bàn ghế học sinh. Kết luận: việc nắm rõ quy trình sản xuất bàn ghế học sinh sẽ giúp bạn lựa chọn tốt hơn.,quy trình sản xuất bàn ghế học sinh
https://noithattheone.vn/tin-tuc/kich-thuoc-ban-lam-viec-tieu-chuan.html,kích thước bàn làm việc tiêu chuẩn,kích thước bàn làm việc tiêu chuẩn. Bài viết về chủ đề kích thước bàn làm việc tiêu chuẩn dành cho người quan tâm. Trong bài này chúng ta sẽ tìm hiểu chi tiết về kích thước bàn làm việc tiêu chuẩn. kích thước bàn làm việc tiêu chuẩn. kích thước bàn giám đốc tiêu chuẩn.  Đây là phần giữa bài viết với nội dung mở rộng về kích thước bàn làm việc tiêu chuẩn và các vấn đề liên quan. Cùng tham khảo thêm các bài khác để hiểu sâu hơn về kích thước bàn làm việc tiêu chuẩn. Kết luận: việc nắm rõ kích thước bàn làm việc tiêu chuẩn sẽ giúp bạn lựa chọn tốt hơn.,kích thước bàn làm việc tiêu chuẩn
https://noithattheone.vn/tin-tuc/kich-thuoc-ban-giam-doc.html,kích thước bàn giám đốc,kích thước bàn giám đốc. Bài viết về chủ đề kích thước bàn giám đốc dành cho người quan tâm. Trong bài này chúng ta sẽ tìm hiểu chi tiết về kích thước bàn giám đốc. kích thước bàn giám đốc. Kích thước bàn giáo viên theo kích thước phòng học tiêu chuẩn.  Đây là phần giữa bài viết với nội dung mở rộng về kích thước bàn giám đốc và các vấn đề liên quan. Cùng tham khảo thêm các bài khác để hiểu sâu hơn về kích thước bàn giám đốc. Kết luận: việc nắm rõ kích thước bàn giám đốc sẽ giúp bạn lựa chọn tốt hơn.,kích thước bàn giám đốc
https://noithattheone.vn/tin-tuc/kich-thuoc-ban-giao-vien.html,kích thước bàn giáo viên,kích thước bàn giáo viên. Bài viết về chủ đề kích thước bàn giáo viên dành cho người quan tâm. Trong bài này chúng ta sẽ tìm hiểu chi tiết về kích thước bàn giáo viên. kích thước bàn giáo viên. kích thước bàn họp.  Đây là phần giữa bài viết với nội dung mở rộng về kích thước bàn giáo viên và các vấn đề liên quan. Cùng tham khảo thêm các bài khác để hiểu sâu hơn về kích thước bàn giáo viên. Kết luận: việc nắm rõ kích thước bàn giáo viên sẽ giúp bạn lựa chọn tốt hơn.,kích thước bàn giáo viên
https://noithattheone.vn/tin-tuc/kich-thuoc-ban-hop.html,kích thước bàn họp,kích thước bàn họp. Bài viết về chủ đề kích thước bàn họp dành cho người quan tâm. Trong bài này chúng ta sẽ tìm hiểu chi tiết về kích thước bàn họp. kích thước bàn họp. kích thước bàn học cho trẻ mẫu giáo.  Đây là phần giữa bài viết với nội dung mở rộng về kích thước bàn họp và các vấn đề liên quan. Cùng tham khảo thêm các bài khác để hiểu sâu hơn về kích thước bàn họp. Kết luận: việc nắm rõ kích thước bàn họp sẽ giúp bạn lựa chọn tốt hơn.,kích thước bàn họp
https://noithattheone.vn/tin-tuc/kich-thuoc-ban-hoc-cho-tre-mau-giao.html,kích thước bàn học cho trẻ mẫu giáo,kích thước bàn học cho trẻ mẫu giáo. Bài viết về chủ đề kích thước bàn học cho trẻ mẫu giáo dành cho người quan tâm. Trong bài này chúng ta sẽ tìm hiểu chi tiết về kích thước bàn học cho trẻ mẫu giáo. kích thước bàn học cho trẻ mẫu giáo. kích thước tiêu chuẩn bàn học sinh cấp 1.  Đây là phần giữa bài viết với nội dung mở rộng về kích thước bàn học cho trẻ mẫu giáo và các vấn đề liên quan. Cùng tham khảo thêm các bài khác để hiểu sâu hơn về kích thước bàn học cho trẻ mẫu giáo. Kết luận: việc nắm rõ kích thước bàn học cho trẻ mẫu giáo sẽ giúp bạn lựa chọn tốt hơn.,kích thước bàn học cho trẻ mẫu giáo
https://noithattheone.vn/tin-tuc/kich-thuoc-ban-hoc-sinh-cap-1.html,kích thước bàn học sinh cấp 1,kích thước bàn học sinh cấp 1. Bài viết về chủ đề kích thước bàn học sinh cấp 1 dành cho người quan tâm. Trong bài này chúng ta sẽ tìm hiểu chi tiết về kích thước bàn học sinh cấp 1. kích thước bàn học sinh cấp 1. tiêu chuẩn bàn học sinh cấp 2.  Đây là phần giữa bài viết với nội dung mở rộng về kích thước bàn học sinh cấp 1 và các vấn đề liên quan. Cùng tham khảo thêm các bài khác để hiểu sâu hơn về kích thước bàn học sinh cấp 1. Kết luận: việc nắm rõ kích thước bàn học sinh cấp 1 sẽ giúp bạn lựa chọn tốt hơn.,kích thước bàn học sinh cấp 1
https://noithattheone.vn/tin-tuc/kich-thuoc-ban-hoc-sinh-cap-2.html,kích thước bàn học sinh cấp 2,kích thước bàn học sinh cấp 2. Bài viết về chủ đề kích thước bàn học sinh cấp 2 dành cho người quan tâm. Trong bài này chúng ta sẽ tìm hiểu chi tiết về kích thước bàn học sinh cấp 2. kích thước bàn học sinh cấp 2. kích thước bàn học sinh cấp 3.  Đây là phần giữa bài viết với nội dung mở rộng về kích thước bàn học sinh cấp 2 và các vấn đề liên quan. Cùng tham khảo thêm các bài khác để hiểu sâu hơn về kích thước bàn học sinh cấp 2. Kết luận: việc nắm rõ kích thước bàn học sinh cấp 2 sẽ giúp bạn lựa chọn tốt hơn.,kích thước bàn học sinh cấp 2
https://noithattheone.vn/tin-tuc/kich-thuoc-ban-hoc-sinh-cap-3.html,kích thước bàn học sinh cấp 3,"kích thước bàn học sinh cấp 3. Bài viết về chủ đề kích thước bàn học sinh cấp 3 dành cho người quan tâm. Trong bài này chúng ta sẽ tìm hiểu chi tiết về kích thước bàn học sinh cấp 3. kích thước bàn học sinh cấp 3. 25 mẫu bàn văn phòng có vách ngăn đơn giản, hiện đại, dễ lắp đặt.  Đây là phần giữa bài viết với nội dung mở rộng về kích thước bàn học sinh cấp 3 và các vấn đề liên quan. Cùng tham khảo thêm các bài khác để hiểu sâu hơn về kích thước bàn học sinh cấp 3. Kết luận: việc nắm rõ kích thước bàn học sinh cấp 3 sẽ giúp bạn lựa chọn tốt hơn.",kích thước bàn học sinh cấp 3
https://noithattheone.vn/tin-tuc/ban-lam-viec-van-phong-co-vach-ngan.html,bàn làm việc văn phòng có vách ngăn,bàn làm việc văn phòng có vách ngăn. Bài viết về chủ đề bàn làm việc văn phòng có vách ngăn dành cho người quan tâm. Trong bài này chúng ta sẽ tìm hiểu chi tiết về bàn làm việc văn phòng có vách ngăn. bàn làm việc văn phòng có vách ngăn. mẫu bàn họp văn phòng.  Đây là phần giữa bài viết với nội dung mở rộng về bàn làm việc văn phòng có vách ngăn và các vấn đề liên quan. Cùng tham khảo thêm các bài khác để hiểu sâu hơn về bàn làm việc văn phòng có vách ngăn. Kết luận: việc nắm rõ bàn làm việc văn phòng có vách ngăn sẽ giúp bạn lựa chọn tốt hơn.,bàn làm việc văn phòng có vách ngăn
https://noithattheone.vn/tin-tuc/ban-hop-3m.html,bàn họp 3m,"bàn họp 3m. Bài viết về chủ đề bàn họp 3m dành cho người quan tâm. Trong bài này chúng ta sẽ tìm hiểu chi tiết về bàn họp 3m. bàn họp 3m. 26 Mẫu bàn làm việc dài 1m8 sang trọng, hiện đại cho mọi không gian.  Đây là phần giữa bài viết với nội dung mở rộng về bàn họp 3m và các vấn đề liên quan. Cùng tham khảo thêm các bài khác để hiểu sâu hơn về bàn họp 3m. Kết luận: việc nắm rõ bàn họp 3m sẽ giúp bạn lựa chọn tốt hơn.",bàn họp 3m
https://noithattheone.vn/tin-tuc/ban-lam-viec-dai-1m8.html,bàn làm việc dài 1m8,bàn làm việc dài 1m8. Bài viết về chủ đề bàn làm việc dài 1m8 dành cho người quan tâm. Trong bài này chúng ta sẽ tìm hiểu chi tiết về bàn làm việc dài 1m8. bàn làm việc dài 1m8. bàn làm việc dài 2m4.  Đây là phần giữa bài viết với nội dung mở rộng về bàn làm việc dài 1m8 và các vấn đề liên quan. Cùng tham khảo thêm các bài khác để hiểu sâu hơn về bàn làm việc dài 1m8. Kết luận: việc nắm rõ bàn làm việc dài 1m8 sẽ giúp bạn lựa chọn tốt hơn.,bàn làm việc dài 1m8
https://noithattheone.vn/tin-tuc/ban-lam-viec-dai-2m4.html,bàn làm việc dài 2m4,bàn làm việc dài 2m4. Bài viết về chủ đề bàn làm việc dài 2m4 dành cho người quan tâm. Trong bài này chúng ta sẽ tìm hiểu chi tiết về bàn làm việc dài 2m4. bàn làm việc dài 2m4. bàn làm việc chân sắt 1m6.  Đây là phần giữa bài viết với nội dung mở rộng về bàn làm việc dài 2m4 và các vấn đề liên quan. Cùng tham khảo thêm các bài khác để hiểu sâu hơn về bàn làm việc dài 2m4. Kết luận: việc nắm rõ bàn làm việc dài 2m4 sẽ giúp bạn lựa chọn tốt hơn.,bàn làm việc dài 2m4
https://noithattheone.vn/tin-tuc/21-ban-lam-viec-chan-sat-thep-1m6-chinh-hang-gia-uu-dai.html,bàn làm việc chân sắt 1m6,"bàn làm việc chân sắt 1m6. Bài viết về chủ đề bàn làm việc chân sắt 1m6 dành cho người quan tâm. Trong bài này chúng ta sẽ tìm hiểu chi tiết về bàn làm việc chân sắt 1m6. bàn làm việc chân sắt 1m6. 20 mẫu bàn văn phòng 1m bền đẹp, nhỏ gọn, tiện ích & giá tốt.  Đây là phần giữa bài viết với nội dung mở rộng về bàn làm việc chân sắt 1m6 và các vấn đề liên quan. Cùng tham khảo thêm các bài khác để hiểu sâu hơn về bàn làm việc chân sắt 1m6. Kết luận: việc nắm rõ bàn làm việc chân sắt 1m6 sẽ giúp bạn lựa chọn tốt hơn.",bàn làm việc chân sắt 1m6
https://noithattheone.vn/tin-tuc/ban-van-phong-1m.html,bàn văn phòng 1m,bàn văn phòng 1m. Bài viết về chủ đề bàn văn phòng 1m dành cho người quan tâm. Trong bài này chúng ta sẽ tìm hiểu chi tiết về bàn văn phòng 1m. bàn văn phòng 1m. Hướng bàn làm việc là hướng lưng hay mặt? Cách bố trí theo tuổi.  Đây là phần giữa bài viết với nội dung mở rộng về bàn văn phòng 1m và các vấn đề liên quan. Cùng tham khảo thêm các bài khác để hiểu sâu hơn về bàn văn phòng 1m. Kết luận: việc nắm rõ bàn văn phòng 1m sẽ giúp bạn lựa chọn tốt hơn.,bàn văn phòng 1m
https://noithattheone.vn/tin-tuc/ghe-cong-thai-hoc-la-gi.html,ghế công thái học là gì,ghế công thái học là gì. Bài viết về chủ đề ghế công thái học là gì dành cho người quan tâm. Trong bài này chúng ta sẽ tìm hiểu chi tiết về ghế công thái học là gì. ghế công thái học là gì. tác dụng của ghế công thái học.  Đây là phần giữa bài viết với nội dung mở rộng về ghế công thái học là gì và các vấn đề liên quan. Cùng tham khảo thêm các bài khác để hiểu sâu hơn về ghế công thái học là gì. Kết luận: việc nắm rõ ghế công thái học là gì sẽ giúp bạn lựa chọn tốt hơn.,ghế công thái học là gì
https://noithattheone.vn/tin-tuc/ngoi-ghe-cong-thai-hoc-dung-cach.html,ngồi ghế công thái học đúng cách,ngồi ghế công thái học đúng cách. Bài viết về chủ đề ngồi ghế công thái học đúng cách dành cho người quan tâm. Trong bài này chúng ta sẽ tìm hiểu chi tiết về ngồi ghế công thái học đúng cách. ngồi ghế công thái học đúng cách. có nên mua ghế công thái học.  Đây là phần giữa bài viết với nội dung mở rộng về ngồi ghế công thái học đúng cách và các vấn đề liên quan. Cùng tham khảo thêm các bài khác để hiểu sâu hơn về ngồi ghế công thái học đúng cách. Kết luận: việc nắm rõ ngồi ghế công thái học đúng cách sẽ giúp bạn lựa chọn tốt hơn.,ngồi ghế công thái học đúng cách
https://noithattheone.vn/tin-tuc/cach-chon-ghe-hoc-sinh.html,cách chọn ghế học sinh,"cách chọn ghế học sinh. Bài viết về chủ đề cách chọn ghế học sinh dành cho người quan tâm. Trong bài này chúng ta sẽ tìm hiểu chi tiết về cách chọn ghế học sinh. cách chọn ghế học sinh. Kích thước ghế công thái học chuẩn quốc tế, Việt Nam & cách chọn.  Đây là phần giữa bài viết với nội dung mở rộng về cách chọn ghế học sinh và các vấn đề liên quan. Cùng tham khảo thêm các bài khác để hiểu sâu hơn về cách chọn ghế học sinh. Kết luận: việc nắm rõ cách chọn ghế học sinh sẽ giúp bạn lựa chọn tốt hơn.",cách chọn ghế học sinh
https://noithattheone.vn/tin-tuc/kich-thuoc-ghe-cong-thai-hoc.html,kích thước ghế công thái học,kích thước ghế công thái học. Bài viết về chủ đề kích thước ghế công thái học dành cho người quan tâm. Trong bài này chúng ta sẽ tìm hiểu chi tiết về kích thước ghế công thái học. kích thước ghế công thái học. kích thước ghế xoay văn phòng.  Đây là phần giữa bài viết với nội dung mở rộng về kích thước ghế công thái học và các vấn đề liên quan. Cùng tham khảo thêm các bài khác để hiểu sâu hơn về kích thước ghế công thái học. Kết luận: việc nắm rõ kích thước ghế công thái học sẽ giúp bạn lựa chọn tốt hơn.,kích thước ghế công thái học
https://noithattheone.vn/tin-tuc/kich-thuoc-ghe-chan-quy.html,kích thước ghế chân quỳ,kích thước ghế chân quỳ. Bài viết về chủ đề kích thước ghế chân quỳ dành cho người quan tâm. Trong bài này chúng ta sẽ tìm hiểu chi tiết về kích thước ghế chân quỳ. kích thước ghế chân quỳ. 10-11-12. Kích thước ghế hội trường theo TCVN & cách bố trí khoa học.  Đây là phần giữa bài viết với nội dung mở rộng về kích thước ghế chân quỳ và các vấn đề liên quan. Cùng tham khảo thêm các bài khác để hiểu sâu hơn về kích thước ghế chân quỳ. Kết luận: việc nắm rõ kích thước ghế chân quỳ sẽ giúp bạn lựa chọn tốt hơn.,kích thước ghế chân quỳ
https://noithattheone.vn/tin-tuc/kich-thuoc-ghe-hoi-truong.html,kích thước ghế hội trường,kích thước ghế hội trường. Bài viết về chủ đề kích thước ghế hội trường dành cho người quan tâm. Trong bài này chúng ta sẽ tìm hiểu chi tiết về kích thước ghế hội trường. kích thước ghế hội trường. 11-12-13. tựa ghế văn phòng.  Đây là phần giữa bài viết với nội dung mở rộng về kích thước ghế hội trường và các vấn đề liên quan. Cùng tham khảo thêm các bài khác để hiểu sâu hơn về kích thước ghế hội trường. Kết luận: việc nắm rõ kích thước ghế hội trường sẽ giúp bạn lựa chọn tốt hơn.,kích thước ghế hội trường
https://noithattheone.vn/tin-tuc/cach-su-dung-ghe-cong-thai-hoc.html,cách sử dụng ghế công thái học,cách sử dụng ghế công thái học. Bài viết về chủ đề cách sử dụng ghế công thái học dành cho người quan tâm. Trong bài này chúng ta sẽ tìm hiểu chi tiết về cách sử dụng ghế công thái học. cách sử dụng ghế công thái học. 14-15-16. cách sử dụng ghế xoay văn phòng.  Đây là phần giữa bài viết với nội dung mở rộng về cách sử dụng ghế công thái học và các vấn đề liên quan. Cùng tham khảo thêm các bài khác để hiểu sâu hơn về cách sử dụng ghế công thái học. Kết luận: việc nắm rõ cách sử dụng ghế công thái học sẽ giúp bạn lựa chọn tốt hơn.,cách sử dụng ghế công thái học
https://noithattheone.vn/tin-tuc/cach-chinh-ghe-xoay-nga-lung.html,cách chỉnh ghế xoay ngả lưng,cách chỉnh ghế xoay ngả lưng. Bài viết về chủ đề cách chỉnh ghế xoay ngả lưng dành cho người quan tâm. Trong bài này chúng ta sẽ tìm hiểu chi tiết về cách chỉnh ghế xoay ngả lưng. cách chỉnh ghế xoay ngả lưng. 16-17-18. cách ngả ghế công thái học.  Đây là phần giữa bài viết với nội dung mở rộng về cách chỉnh ghế xoay ngả lưng và các vấn đề liên quan. Cùng tham khảo thêm các bài khác để hiểu sâu hơn về cách chỉnh ghế xoay ngả lưng. Kết luận: việc nắm rõ cách chỉnh ghế xoay ngả lưng sẽ giúp bạn lựa chọn tốt hơn.,cách chỉnh ghế xoay ngả lưng
https://noithattheone.vn/tin-tuc/cach-lap-ghe-cong-thai-hoc.html,cách lắp ghế công thái học,cách lắp ghế công thái học. Bài viết về chủ đề cách lắp ghế công thái học dành cho người quan tâm. Trong bài này chúng ta sẽ tìm hiểu chi tiết về cách lắp ghế công thái học. cách lắp ghế công thái học. 18-19-20. cách lắp ghế xoay văn phòng.  Đây là phần giữa bài viết với nội dung mở rộng về cách lắp ghế công thái học và các vấn đề liên quan. Cùng tham khảo thêm các bài khác để hiểu sâu hơn về cách lắp ghế công thái học. Kết luận: việc nắm rõ cách lắp ghế công thái học sẽ giúp bạn lựa chọn tốt hơn.,cách lắp ghế công thái học
https://noithattheone.vn/tin-tuc/cach-lap-rap-ghe-xoay-luoi.html,cách lắp ráp ghế xoay lưới,cách lắp ráp ghế xoay lưới. Bài viết về chủ đề cách lắp ráp ghế xoay lưới dành cho người quan tâm. Trong bài này chúng ta sẽ tìm hiểu chi tiết về cách lắp ráp ghế xoay lưới. cách lắp ráp ghế xoay lưới. 20-21-22. 6 nguyên nhân và cách khắc phục ghế xoay không ngả được hiệu quả.  Đây là phần giữa bài viết với nội dung mở rộng về cách lắp ráp ghế xoay lưới và các vấn đề liên quan. Cùng tham khảo thêm các bài khác để hiểu sâu hơn về cách lắp ráp ghế xoay lưới. Kết luận: việc nắm rõ cách lắp ráp ghế xoay lưới sẽ giúp bạn lựa chọn tốt hơn.,cách lắp ráp ghế xoay lưới
https://noithattheone.vn/tin-tuc/ghe-xoay-khong-nga-duoc-hieu-qua.html,ghế xoay không ngả được,ghế xoay không ngả được. Bài viết về chủ đề ghế xoay không ngả được dành cho người quan tâm. Trong bài này chúng ta sẽ tìm hiểu chi tiết về ghế xoay không ngả được. ghế xoay không ngả được. 21-22-23. hướng dẫn sửa ghế xoay văn phòng.  Đây là phần giữa bài viết với nội dung mở rộng về ghế xoay không ngả được và các vấn đề liên quan. Cùng tham khảo thêm các bài khác để hiểu sâu hơn về ghế xoay không ngả được. Kết luận: việc nắm rõ ghế xoay không ngả được sẽ giúp bạn lựa chọn tốt hơn.,ghế xoay không ngả được
https://noithattheone.vn/tin-tuc/cach-thao-banh-xe-ghe-xoay-van-phong.html,cách tháo bánh xe ghế xoay văn phòng,"cách tháo bánh xe ghế xoay văn phòng. Bài viết về chủ đề cách tháo bánh xe ghế xoay văn phòng dành cho người quan tâm. Trong bài này chúng ta sẽ tìm hiểu chi tiết về cách tháo bánh xe ghế xoay văn phòng. cách tháo bánh xe ghế xoay văn phòng. 24-25-26. Thay lưới ghế công thái học: hướng dẫn, 24 địa chỉ sửa & mẹo hay.  Đây là phần giữa bài viết với nội dung mở rộng về cách tháo bánh xe ghế xoay văn phòng và các vấn đề liên quan. Cùng tham khảo thêm các bài khác để hiểu sâu hơn về cách tháo bánh xe ghế xoay văn phòng. Kết luận: việc nắm rõ cách tháo bánh xe ghế xoay văn phòng sẽ giúp bạn lựa chọn tốt hơn.",cách tháo bánh xe ghế xoay văn phòng
https://noithattheone.vn/tin-tuc/thay-luoi-ghe-cong-thai-hoc.html,thay lưới ghế công thái học,thay lưới ghế công thái học. Bài viết về chủ đề thay lưới ghế công thái học dành cho người quan tâm. Trong bài này chúng ta sẽ tìm hiểu chi tiết về thay lưới ghế công thái học. thay lưới ghế công thái học. 25-26-27. thay lưới ghế văn phòng.  Đây là phần giữa bài viết với nội dung mở rộng về thay lưới ghế công thái học và các vấn đề liên quan. Cùng tham khảo thêm các bài khác để hiểu sâu hơn về thay lưới ghế công thái học. Kết luận: việc nắm rõ thay lưới ghế công thái học sẽ giúp bạn lựa chọn tốt hơn.,thay lưới ghế công thái học
https://noithattheone.vn/tin-tuc/ve-sinh-ghe-cong-thai-hoc.html,vệ sinh ghế công thái học,vệ sinh ghế công thái học. Bài viết về chủ đề vệ sinh ghế công thái học dành cho người quan tâm. Trong bài này chúng ta sẽ tìm hiểu chi tiết về vệ sinh ghế công thái học. vệ sinh ghế công thái học. cách vệ sinh ghế lưới.  Đây là phần giữa bài viết với nội dung mở rộng về vệ sinh ghế công thái học và các vấn đề liên quan. Cùng tham khảo thêm các bài khác để hiểu sâu hơn về vệ sinh ghế công thái học. Kết luận: việc nắm rõ vệ sinh ghế công thái học sẽ giúp bạn lựa chọn tốt hơn.,vệ sinh ghế công thái học
https://noithattheone.vn/tin-tuc/ve-sinh-ghe-luoi.html,vệ sinh ghế lưới,vệ sinh ghế lưới. Bài viết về chủ đề vệ sinh ghế lưới dành cho người quan tâm. Trong bài này chúng ta sẽ tìm hiểu chi tiết về vệ sinh ghế lưới. vệ sinh ghế lưới. vệ sinh ghế xoay văn phòng.  Đây là phần giữa bài viết với nội dung mở rộng về vệ sinh ghế lưới và các vấn đề liên quan. Cùng tham khảo thêm các bài khác để hiểu sâu hơn về vệ sinh ghế lưới. Kết luận: việc nắm rõ vệ sinh ghế lưới sẽ giúp bạn lựa chọn tốt hơn.,vệ sinh ghế lưới
https://noithattheone.vn/tin-tuc/cach-ve-sinh-ghe-xoay-van-phong.html,cách vệ sinh ghế xoay văn phòng,cách vệ sinh ghế xoay văn phòng. Bài viết về chủ đề cách vệ sinh ghế xoay văn phòng dành cho người quan tâm. Trong bài này chúng ta sẽ tìm hiểu chi tiết về cách vệ sinh ghế xoay văn phòng. cách vệ sinh ghế xoay văn phòng. Ghế công thái học là gì? Tác dụng ra sao? Có nên mua không?.  Đây là phần giữa bài viết với nội dung mở rộng về cách vệ sinh ghế xoay văn phòng và các vấn đề liên quan. Cùng tham khảo thêm các bài khác để hiểu sâu hơn về cách vệ sinh ghế xoay văn phòng. Kết luận: việc nắm rõ cách vệ sinh ghế xoay văn phòng sẽ giúp bạn lựa chọn tốt hơn.,cách vệ sinh ghế xoay văn phòng
https://noithattheone.vn/tin-tuc/ket-sat-nen-de-o-dau.html,két sắt nên để ở đâu,két sắt nên để ở đâu. Bài viết về chủ đề két sắt nên để ở đâu dành cho người quan tâm. Trong bài này chúng ta sẽ tìm hiểu chi tiết về két sắt nên để ở đâu. két sắt nên để ở đâu. vị trí để két sắt trong phòng ngủ.  Đây là phần giữa bài viết với nội dung mở rộng về két sắt nên để ở đâu và các vấn đề liên quan. Cùng tham khảo thêm các bài khác để hiểu sâu hơn về két sắt nên để ở đâu. Kết luận: việc nắm rõ két sắt nên để ở đâu sẽ giúp bạn lựa chọn tốt hơn.,két sắt nên để ở đâu
https://noithattheone.vn/tin-tuc/vi-tri-de-ket-sat-trong-phong-ngu.html,vị trí để két sắt trong phòng ngủ,vị trí để két sắt trong phòng ngủ. Bài viết về chủ đề vị trí để két sắt trong phòng ngủ dành cho người quan tâm. Trong bài này chúng ta sẽ tìm hiểu chi tiết về vị trí để két sắt trong phòng ngủ. vị trí để két sắt trong phòng ngủ. két sắt chống cháy.  Đây là phần giữa bài viết với nội dung mở rộng về vị trí để két sắt trong phòng ngủ và các vấn đề liên quan. Cùng tham khảo thêm các bài khác để hiểu sâu hơn về vị trí để két sắt trong phòng ngủ. Kết luận: việc nắm rõ vị trí để két sắt trong phòng ngủ sẽ giúp bạn lựa chọn tốt hơn.,vị trí để két sắt trong phòng ngủ
https://noithattheone.vn/tin-tuc/ket-sat-nang-bao-nhieu-kg.html,két sắt nặng bao nhiêu kg,két sắt nặng bao nhiêu kg. Bài viết về chủ đề két sắt nặng bao nhiêu kg dành cho người quan tâm. Trong bài này chúng ta sẽ tìm hiểu chi tiết về két sắt nặng bao nhiêu kg. két sắt nặng bao nhiêu kg. kích thước két sắt gia đình.  Đây là phần giữa bài viết với nội dung mở rộng về két sắt nặng bao nhiêu kg và các vấn đề liên quan. Cùng tham khảo thêm các bài khác để hiểu sâu hơn về két sắt nặng bao nhiêu kg. Kết luận: việc nắm rõ két sắt nặng bao nhiêu kg sẽ giúp bạn lựa chọn tốt hơn.,két sắt nặng bao nhiêu kg
https://noithattheone.vn/tin-tuc/kich-thuoc-ket-sat.html,kích thước két sắt,kích thước két sắt. Bài viết về chủ đề kích thước két sắt dành cho người quan tâm. Trong bài này chúng ta sẽ tìm hiểu chi tiết về kích thước két sắt. kích thước két sắt. kinh nghiệm mua két sắt gia đình.  Đây là phần giữa bài viết với nội dung mở rộng về kích thước két sắt và các vấn đề liên quan. Cùng tham khảo thêm các bài khác để hiểu sâu hơn về kích thước két sắt. Kết luận: việc nắm rõ kích thước két sắt sẽ giúp bạn lựa chọn tốt hơn.,kích thước két sắt
https://noithattheone.vn/tin-tuc/kinh-nghiem-mua-ket-sat-gia-dinh.html,kinh nghiệm mua két sắt gia đình,kinh nghiệm mua két sắt gia đình. Bài viết về chủ đề kinh nghiệm mua két sắt gia đình dành cho người quan tâm. Trong bài này chúng ta sẽ tìm hiểu chi tiết về kinh nghiệm mua két sắt gia đình. kinh nghiệm mua két sắt gia đình. nên mua két sắt cơ hay điện tử.  Đây là phần giữa bài viết với nội dung mở rộng về kinh nghiệm mua két sắt gia đình và các vấn đề liên quan. Cùng tham khảo thêm các bài khác để hiểu sâu hơn về kinh nghiệm mua két sắt gia đình. Kết luận: việc nắm rõ kinh nghiệm mua két sắt gia đình sẽ giúp bạn lựa chọn tốt hơn.,kinh nghiệm mua két sắt gia đình
https://noithattheone.vn/tin-tuc/cach-doi-mat-khau-ket-sat-co-4-so.html,cách đổi mật khẩu két sắt cơ 4 số,cách đổi mật khẩu két sắt cơ 4 số. Bài viết về chủ đề cách đổi mật khẩu két sắt cơ 4 số dành cho người quan tâm. Trong bài này chúng ta sẽ tìm hiểu chi tiết về cách đổi mật khẩu két sắt cơ 4 số. cách đổi mật khẩu két sắt cơ 4 số. cách đổi mật mã két sắt điện tử.  Đây là phần giữa bài viết với nội dung mở rộng về cách đổi mật khẩu két sắt cơ 4 số và các vấn đề liên quan. Cùng tham khảo thêm các bài khác để hiểu sâu hơn về cách đổi mật khẩu két sắt cơ 4 số. Kết luận: việc nắm rõ cách đổi mật khẩu két sắt cơ 4 số sẽ giúp bạn lựa chọn tốt hơn.,cách đổi mật khẩu két sắt cơ 4 số
https://noithattheone.vn/tin-tuc/cach-doi-mat-ma-ket-sat-dien-tu.html,cách đổi mật mã két sắt điện tử,cách đổi mật mã két sắt điện tử. Bài viết về chủ đề cách đổi mật mã két sắt điện tử dành cho người quan tâm. Trong bài này chúng ta sẽ tìm hiểu chi tiết về cách đổi mật mã két sắt điện tử. cách đổi mật mã két sắt điện tử. Hướng dẫn 4 cách đổi mật khẩu két sắt mini có vân tay.  Đây là phần giữa bài viết với nội dung mở rộng về cách đổi mật mã két sắt điện tử và các vấn đề liên quan. Cùng tham khảo thêm các bài khác để hiểu sâu hơn về cách đổi mật mã két sắt điện tử. Kết luận: việc nắm rõ cách đổi mật mã két sắt điện tử sẽ giúp bạn lựa chọn tốt hơn.,cách đổi mật mã két sắt điện tử
https://noithattheone.vn/tin-tuc/cach-doi-mat-khau-ket-sat-mini-co-van-tay.html,cách đổi mật khẩu két sắt mini có vân tay,cách đổi mật khẩu két sắt mini có vân tay. Bài viết về chủ đề cách đổi mật khẩu két sắt mini có vân tay dành cho người quan tâm. Trong bài này chúng ta sẽ tìm hiểu chi tiết về cách đổi mật khẩu két sắt mini có vân tay. cách đổi mật khẩu két sắt mini có vân tay. cách đóng két sắt điện tử.  Đây là phần giữa bài viết với nội dung mở rộng về cách đổi mật khẩu két sắt mini có vân tay và các vấn đề liên quan. Cùng tham khảo thêm các bài khác để hiểu sâu hơn về cách đổi mật khẩu két sắt mini có vân tay. Kết luận: việc nắm rõ cách đổi mật khẩu két sắt mini có vân tay sẽ giúp bạn lựa chọn tốt hơn.,cách đổi mật khẩu két sắt mini có vân tay
https://noithattheone.vn/tin-tuc/thay-pin-ket-sat-dien-tu.html,thay pin két sắt điện tử,thay pin két sắt điện tử. Bài viết về chủ đề thay pin két sắt điện tử dành cho người quan tâm. Trong bài này chúng ta sẽ tìm hiểu chi tiết về thay pin két sắt điện tử. thay pin két sắt điện tử. Két sắt không mở được: 11 nguyên nhân và cách khắc phục tại nhà.  Đây là phần giữa bài viết với nội dung mở rộng về thay pin két sắt điện tử và các vấn đề liên quan. Cùng tham khảo thêm các bài khác để hiểu sâu hơn về thay pin két sắt điện tử. Kết luận: việc nắm rõ thay pin két sắt điện tử sẽ giúp bạn lựa chọn tốt hơn.,thay pin két sắt điện tử
https://noithattheone.vn/tin-tuc/ket-sat-khong-mo-duoc.html,két sắt không mở được,két sắt không mở được. Bài viết về chủ đề két sắt không mở được dành cho người quan tâm. Trong bài này chúng ta sẽ tìm hiểu chi tiết về két sắt không mở được. két sắt không mở được. cách sửa két sắt điện tử.  Đây là phần giữa bài viết với nội dung mở rộng về két sắt không mở được và các vấn đề liên quan. Cùng tham khảo thêm các bài khác để hiểu sâu hơn về két sắt không mở được. Kết luận: việc nắm rõ két sắt không mở được sẽ giúp bạn lựa chọn tốt hơn.,két sắt không mở được
https://noithattheone.vn/tin-tuc/cach-bo-tri-phong-lam-viec-cua-lanh-dao.html,cách bố trí phòng làm việc của lãnh đạo,cách bố trí phòng làm việc của lãnh đạo. Bài viết về chủ đề cách bố trí phòng làm việc của lãnh đạo dành cho người quan tâm. Trong bài này chúng ta sẽ tìm hiểu chi tiết về cách bố trí phòng làm việc của lãnh đạo. cách bố trí phòng làm việc của lãnh đạo. cách bố trí văn phòng làm việc nhỏ.  Đây là phần giữa bài viết với nội dung mở rộng về cách bố trí phòng làm việc của lãnh đạo và các vấn đề liên quan. Cùng tham khảo thêm các bài khác để hiểu sâu hơn về cách bố trí phòng làm việc của lãnh đạo. Kết luận: việc nắm rõ cách bố trí phòng làm việc của lãnh đạo sẽ giúp bạn lựa chọn tốt hơn.,cách bố trí phòng làm việc của lãnh đạo
https://noithattheone.vn/tin-tuc/cach-bo-tri-van-phong-lam-viec-nho.html,cách bố trí văn phòng làm việc nhỏ,cách bố trí văn phòng làm việc nhỏ. Bài viết về chủ đề cách bố trí văn phòng làm việc nhỏ dành cho người quan tâm. Trong bài này chúng ta sẽ tìm hiểu chi tiết về cách bố trí văn phòng làm việc nhỏ. cách bố trí văn phòng làm việc nhỏ. nguyên tắc bố trí văn phòng làm việc.  Đây là phần giữa bài viết với nội dung mở rộng về cách bố trí văn phòng làm việc nhỏ và các vấn đề liên quan. Cùng tham khảo thêm các bài khác để hiểu sâu hơn về cách bố trí văn phòng làm việc nhỏ. Kết luận: việc nắm rõ cách bố trí văn phòng làm việc nhỏ sẽ giúp bạn lựa chọn tốt hơn.,cách bố trí văn phòng làm việc nhỏ
https://noithattheone.vn/tin-tuc/nguyen-tac-bo-tri-van-phong-lam-viec.html,nguyên tắc bố trí văn phòng làm việc,nguyên tắc bố trí văn phòng làm việc. Bài viết về chủ đề nguyên tắc bố trí văn phòng làm việc dành cho người quan tâm. Trong bài này chúng ta sẽ tìm hiểu chi tiết về nguyên tắc bố trí văn phòng làm việc. nguyên tắc bố trí văn phòng làm việc. phong thủy văn phòng xanh.  Đây là phần giữa bài viết với nội dung mở rộng về nguyên tắc bố trí văn phòng làm việc và các vấn đề liên quan. Cùng tham khảo thêm các bài khác để hiểu sâu hơn về nguyên tắc bố trí văn phòng làm việc. Kết luận: việc nắm rõ nguyên tắc bố trí văn phòng làm việc sẽ giúp bạn lựa chọn tốt hơn.,nguyên tắc bố trí văn phòng làm việc
https://noithattheone.vn/tin-tuc/so-sanh-van-phong-dong-van-phong-mo.html,so sánh văn phòng đóng – văn phòng mở,so sánh văn phòng đóng – văn phòng mở. Bài viết về chủ đề so sánh văn phòng đóng – văn phòng mở dành cho người quan tâm. Trong bài này chúng ta sẽ tìm hiểu chi tiết về so sánh văn phòng đóng – văn phòng mở. so sánh văn phòng đóng – văn phòng mở. ưu điểm nhược điểm của văn phòng đóng.  Đây là phần giữa bài viết với nội dung mở rộng về so sánh văn phòng đóng – văn phòng mở và các vấn đề liên quan. Cùng tham khảo thêm các bài khác để hiểu sâu hơn về so sánh văn phòng đóng – văn phòng mở. Kết luận: việc nắm rõ so sánh văn phòng đóng – văn phòng mở sẽ giúp bạn lựa chọn tốt hơn.,so sánh văn phòng đóng – văn phòng mở
https://noithattheone.vn/tin-tuc/huong-dan-chon-kich-thuoc-ghe-quay-bar-chuan-va-thoai-mai-nhat.html,kích thước ghế quầy bar,kích thước ghế quầy bar. Bài viết về chủ đề kích thước ghế quầy bar dành cho người quan tâm. Trong bài này chúng ta sẽ tìm hiểu chi tiết về kích thước ghế quầy bar. kích thước ghế quầy bar. 12-13-14.  Đây là phần giữa bài viết với nội dung mở rộng về kích thước ghế quầy bar và các vấn đề liên quan. Cùng tham khảo thêm các bài khác để hiểu sâu hơn về kích thước ghế quầy bar. Kết luận: việc nắm rõ kích thước ghế quầy bar sẽ giúp bạn lựa chọn tốt hơn.,kích thước ghế quầy bar
https://noithattheone.vn/tin-tuc/kich-thuoc-quay-le-tan.html,kích thước quầy lễ tân,kích thước quầy lễ tân. Bài viết về chủ đề kích thước quầy lễ tân dành cho người quan tâm. Trong bài này chúng ta sẽ tìm hiểu chi tiết về kích thước quầy lễ tân. kích thước quầy lễ tân.  Đây là phần giữa bài viết với nội dung mở rộng về kích thước quầy lễ tân và các vấn đề liên quan. Cùng tham khảo thêm các bài khác để hiểu sâu hơn về kích thước quầy lễ tân. Kết luận: việc nắm rõ kích thước quầy lễ tân sẽ giúp bạn lựa chọn tốt hơn.,kích thước quầy lễ tân
https://noithattheone.vn/phong-cach-noi-that/nguyen-tac-bo-tri-van-phong-lam-viec.html,Nguyên tắc bố trí văn phòng làm việc,Nguyên tắc bố trí văn phòng làm việc. Bài viết về chủ đề Nguyên tắc bố trí văn phòng làm việc dành cho người quan tâm. Trong bài này chúng ta sẽ tìm hiểu chi tiết về Nguyên tắc bố trí văn phòng làm việc. Nguyên tắc bố trí văn phòng làm việc. phong thủy văn phòng xanh. sắp xếp văn phòng theo phong thủy. sắp xếp văn phòng theo phong thủy.  Đây là phần giữa bài viết với nội dung mở rộng về Nguyên tắc bố trí văn phòng làm việc và các vấn đề liên quan. Cùng tham khảo thêm các bài khác để hiểu sâu hơn về Nguyên tắc bố trí văn phòng làm việc. Kết luận: việc nắm rõ Nguyên tắc bố trí văn phòng làm việc sẽ giúp bạn lựa chọn tốt hơn.,Nguyên tắc bố trí văn phòng làm việc
https://noithattheone.vn/phong-cach-noi-that/phong-thuy-van-phong-xanh.html,Phong thuỷ văn phòng xanh,Phong thuỷ văn phòng xanh. Bài viết về chủ đề Phong thuỷ văn phòng xanh dành cho người quan tâm. Trong bài này chúng ta sẽ tìm hiểu chi tiết về Phong thuỷ văn phòng xanh. Phong thuỷ văn phòng xanh. hình thức bố trí văn phòng. cách bố trí phòng làm việc của lãnh đạo. văn phòng công ty theo phong thủy. văn phòng công ty theo phong thủy.  Đây là phần giữa bài viết với nội dung mở rộng về Phong thuỷ văn phòng xanh và các vấn đề liên quan. Cùng tham khảo thêm các bài khác để hiểu sâu hơn về Phong thuỷ văn phòng xanh. Kết luận: việc nắm rõ Phong thuỷ văn phòng xanh sẽ giúp bạn lựa chọn tốt hơn.,Phong thuỷ văn phòng xanh
https://noithattheone.vn/phong-cach-noi-that/cach-bo-tri-phong-lam-viec-cua-lanh-dao.html,Cách bố trí phòng làm việc của lãnh đạo,Cách bố trí phòng làm việc của lãnh đạo. Bài viết về chủ đề Cách bố trí phòng làm việc của lãnh đạo dành cho người quan tâm. Trong bài này chúng ta sẽ tìm hiểu chi tiết về Cách bố trí phòng làm việc của lãnh đạo. Cách bố trí phòng làm việc của lãnh đạo. cách bố trí văn phòng làm việc nhỏ. bố trí văn phòng hợp lý. cách bố trí văn phòng làm việc theo phong thủy. cách bố trí văn phòng làm việc theo phong thủy.  Đây là phần giữa bài viết với nội dung mở rộng về Cách bố trí phòng làm việc của lãnh đạo và các vấn đề liên quan. Cùng tham khảo thêm các bài khác để hiểu sâu hơn về Cách bố trí phòng làm việc của lãnh đạo. Kết luận: việc nắm rõ Cách bố trí phòng làm việc của lãnh đạo sẽ giúp bạn lựa chọn tốt hơn.,Cách bố trí phòng làm việc của lãnh đạo
https://noithattheone.vn/phong-cach-noi-that/cach-bo-tri-van-phong-lam-viec-nho.html,Cách bố trí văn phòng làm việc nhỏ,Cách bố trí văn phòng làm việc nhỏ. Bài viết về chủ đề Cách bố trí văn phòng làm việc nhỏ dành cho người quan tâm. Trong bài này chúng ta sẽ tìm hiểu chi tiết về Cách bố trí văn phòng làm việc nhỏ. Cách bố trí văn phòng làm việc nhỏ. văn phòng mở là gì. các phương pháp bố trí văn phòng. cách bố trí văn phòng theo phong thủy. cách bố trí văn phòng theo phong thủy.  Đây là phần giữa bài viết với nội dung mở rộng về Cách bố trí văn phòng làm việc nhỏ và các vấn đề liên quan. Cùng tham khảo thêm các bài khác để hiểu sâu hơn về Cách bố trí văn phòng làm việc nhỏ. Kết luận: việc nắm rõ Cách bố trí văn phòng làm việc nhỏ sẽ giúp bạn lựa chọn tốt hơn.,Cách bố trí văn phòng làm việc nhỏ
https://noithattheone.vn/phong-cach-noi-that/van-phong-mo-la-gi.html,Văn phòng mở là gì,Văn phòng mở là gì. Bài viết về chủ đề Văn phòng mở là gì dành cho người quan tâm. Trong bài này chúng ta sẽ tìm hiểu chi tiết về Văn phòng mở là gì. Văn phòng mở là gì. nguyên tắc bố trí văn phòng. bố trí không gian văn phòng làm việc. phong thủy văn phòng công ty. phong thủy văn phòng công ty.  Đây là phần giữa bài viết với nội dung mở rộng về Văn phòng mở là gì và các vấn đề liên quan. Cùng tham khảo thêm các bài khác để hiểu sâu hơn về Văn phòng mở là gì. Kết luận: việc nắm rõ Văn phòng mở là gì sẽ giúp bạn lựa chọn tốt hơn.,Văn phòng mở là gì
https://noithattheone.vn/phong-cach-noi-that/ban-lam-viec-van-phong-co-vach-ngan.html,nguyên tắc bố trí văn phòng,nguyên tắc bố trí văn phòng. Bài viết về chủ đề nguyên tắc bố trí văn phòng dành cho người quan tâm. Trong bài này chúng ta sẽ tìm hiểu chi tiết về nguyên tắc bố trí văn phòng. nguyên tắc bố trí văn phòng. phong thủy bố trí văn phòng. phong thủy bố trí văn phòng.  Đây là phần giữa bài viết với nội dung mở rộng về nguyên tắc bố trí văn phòng và các vấn đề liên quan. Cùng tham khảo thêm các bài khác để hiểu sâu hơn về nguyên tắc bố trí văn phòng. Kết luận: việc nắm rõ nguyên tắc bố trí văn phòng sẽ giúp bạn lựa chọn tốt hơn.,nguyên tắc bố trí văn phòng
https://noithattheone.vn/phong-cach-noi-that/ban-van-phong-gom-nhung-loai-nao.html,bố trí văn phòng hợp lý,bố trí văn phòng hợp lý. Bài viết về chủ đề bố trí văn phòng hợp lý dành cho người quan tâm. Trong bài này chúng ta sẽ tìm hiểu chi tiết về bố trí văn phòng hợp lý. bố trí văn phòng hợp lý. phong thủy bố trí văn phòng. phong thủy bố trí văn phòng.  Đây là phần giữa bài viết với nội dung mở rộng về bố trí văn phòng hợp lý và các vấn đề liên quan. Cùng tham khảo thêm các bài khác để hiểu sâu hơn về bố trí văn phòng hợp lý. Kết luận: việc nắm rõ bố trí văn phòng hợp lý sẽ giúp bạn lựa chọn tốt hơn.,bố trí văn phòng hợp lý
https://noithattheone.vn/phong-cach-noi-that/ban-van-phong-khung-sat-co-ben-khong.html,bố trí không gian văn phòng làm việc,bố trí không gian văn phòng làm việc. Bài viết về chủ đề bố trí không gian văn phòng làm việc dành cho người quan tâm. Trong bài này chúng ta sẽ tìm hiểu chi tiết về bố trí không gian văn phòng làm việc. bố trí không gian văn phòng làm việc. sắp xếp văn phòng theo phong thủy. sắp xếp văn phòng theo phong thủy.  Đây là phần giữa bài viết với nội dung mở rộng về bố trí không gian văn phòng làm việc và các vấn đề liên quan. Cùng tham khảo thêm các bài khác để hiểu sâu hơn về bố trí không gian văn phòng làm việc. Kết luận: việc nắm rõ bố trí không gian văn phòng làm việc sẽ giúp bạn lựa chọn tốt hơn.,bố trí không gian văn phòng làm việc
https://noithattheone.vn/phong-cach-noi-that/ban-van-phong-lap-rap-co-ben-khong.html,bố trí văn phòng làm việc,bố trí văn phòng làm việc. Bài viết về chủ đề bố trí văn phòng làm việc dành cho người quan tâm. Trong bài này chúng ta sẽ tìm hiểu chi tiết về bố trí văn phòng làm việc. bố trí văn phòng làm việc. phong thủy hướng ngồi văn phòng. phong thủy hướng ngồi văn phòng.  Đây là phần giữa bài viết với nội dung mở rộng về bố trí văn phòng làm việc và các vấn đề liên quan. Cùng tham khảo thêm các bài khác để hiểu sâu hơn về bố trí văn phòng làm việc. Kết luận: việc nắm rõ bố trí văn phòng làm việc sẽ giúp bạn lựa chọn tốt hơn.,bố trí văn phòng làm việc
https://noithattheone.vn/phong-cach-noi-that/so-sanh-van-phong-dong-van-phong-mo.html,bố trí văn phòng công ty,bố trí văn phòng công ty. Bài viết về chủ đề bố trí văn phòng công ty dành cho người quan tâm. Trong bài này chúng ta sẽ tìm hiểu chi tiết về bố trí văn phòng công ty. bố trí văn phòng công ty. sắp xếp văn phòng hợp phong thủy. sắp xếp văn phòng hợp phong thủy.  Đây là phần giữa bài viết với nội dung mở rộng về bố trí văn phòng công ty và các vấn đề liên quan. Cùng tham khảo thêm các bài khác để hiểu sâu hơn về bố trí văn phòng công ty. Kết luận: việc nắm rõ bố trí văn phòng công ty sẽ giúp bạn lựa chọn tốt hơn.,bố trí văn phòng công ty
https://noithattheone.vn/phong-cach-noi-that/ban-van-phong-chan-sat-hay-chan-go.html,cách bố trí văn phòng làm việc,cách bố trí văn phòng làm việc. Bài viết về chủ đề cách bố trí văn phòng làm việc dành cho người quan tâm. Trong bài này chúng ta sẽ tìm hiểu chi tiết về cách bố trí văn phòng làm việc. cách bố trí văn phòng làm việc. cách bố trí văn phòng làm việc theo phong thủy. cách bố trí văn phòng làm việc theo phong thủy.  Đây là phần giữa bài viết với nội dung mở rộng về cách bố trí văn phòng làm việc và các vấn đề liên quan. Cùng tham khảo thêm các bài khác để hiểu sâu hơn về cách bố trí văn phòng làm việc. Kết luận: việc nắm rõ cách bố trí văn phòng làm việc sẽ giúp bạn lựa chọn tốt hơn.,cách bố trí văn phòng làm việc
https://noithattheone.vn/phong-cach-noi-that/cach-lap-ghe-xoay-van-phong-trong-4-buoc-cho-moi-thiet-ke.html,nguyên tắc bố trí văn phòng,nguyên tắc bố trí văn phòng. Bài viết về chủ đề nguyên tắc bố trí văn phòng dành cho người quan tâm. Trong bài này chúng ta sẽ tìm hiểu chi tiết về nguyên tắc bố trí văn phòng. nguyên tắc bố trí văn phòng. phong thủy phòng làm việc. phong thủy phòng làm việc. các bước lắp ráp ghế xoay lưới. các bước lắp ráp ghế xoay lưới.  Đây là phần giữa bài viết với nội dung mở rộng về nguyên tắc bố trí văn phòng và các vấn đề liên quan. Cùng tham khảo thêm các bài khác để hiểu sâu hơn về nguyên tắc bố trí văn phòng. Kết luận: việc nắm rõ nguyên tắc bố trí văn phòng sẽ giúp bạn lựa chọn tốt hơn.,nguyên tắc bố trí văn phòng
https://noithattheone.vn/phong-cach-noi-that/trang-tri-ban-lam-viec-tai-van-phong.html,bố trí văn phòng làm việc,bố trí văn phòng làm việc. Bài viết về chủ đề bố trí văn phòng làm việc dành cho người quan tâm. Trong bài này chúng ta sẽ tìm hiểu chi tiết về bố trí văn phòng làm việc. bố trí văn phòng làm việc. cách xem phong thủy văn phòng. cách xem phong thủy văn phòng.  Đây là phần giữa bài viết với nội dung mở rộng về bố trí văn phòng làm việc và các vấn đề liên quan. Cùng tham khảo thêm các bài khác để hiểu sâu hơn về bố trí văn phòng làm việc. Kết luận: việc nắm rõ bố trí văn phòng làm việc sẽ giúp bạn lựa chọn tốt hơn.,bố trí văn phòng làm việc
https://noithattheone.vn/phong-cach-noi-that/kich-thuoc-ban-lam-viec-tieu-chuan.html,bố trí văn phòng công ty,bố trí văn phòng công ty. Bài viết về chủ đề bố trí văn phòng công ty dành cho người quan tâm. Trong bài này chúng ta sẽ tìm hiểu chi tiết về bố trí văn phòng công ty. bố trí văn phòng công ty. phong thủy trong văn phòng làm việc. phong thủy trong văn phòng làm việc.  Đây là phần giữa bài viết với nội dung mở rộng về bố trí văn phòng công ty và các vấn đề liên quan. Cùng tham khảo thêm các bài khác để hiểu sâu hơn về bố trí văn phòng công ty. Kết luận: việc nắm rõ bố trí văn phòng công ty sẽ giúp bạn lựa chọn tốt hơn.,bố trí văn phòng công ty
https://noithattheone.vn/phong-cach-noi-that/huong-ban-lam-viec.html,cách bố trí văn phòng làm việc,cách bố trí văn phòng làm việc. Bài viết về chủ đề cách bố trí văn phòng làm việc dành cho người quan tâm. Trong bài này chúng ta sẽ tìm hiểu chi tiết về cách bố trí văn phòng làm việc. cách bố trí văn phòng làm việc. phong thủy hướng ngồi văn phòng. phong thủy hướng ngồi văn phòng.  Đây là phần giữa bài viết với nội dung mở rộng về cách bố trí văn phòng làm việc và các vấn đề liên quan. Cùng tham khảo thêm các bài khác để hiểu sâu hơn về cách bố trí văn phòng làm việc. Kết luận: việc nắm rõ cách bố trí văn phòng làm việc sẽ giúp bạn lựa chọn tốt hơn.,cách bố trí văn phòng làm việc
https://noithattheone.vn/phong-cach-noi-that/ke-ban-lam-viec-trong-phong-ngu.html,các phương pháp bố trí văn phòng,các phương pháp bố trí văn phòng. Bài viết về chủ đề các phương pháp bố trí văn phòng dành cho người quan tâm. Trong bài này chúng ta sẽ tìm hiểu chi tiết về các phương pháp bố trí văn phòng. các phương pháp bố trí văn phòng. phong thủy trong bài trí văn phòng. phong thủy trong bài trí văn phòng.  Đây là phần giữa bài viết với nội dung mở rộng về các phương pháp bố trí văn phòng và các vấn đề liên quan. Cùng tham khảo thêm các bài khác để hiểu sâu hơn về các phương pháp bố trí văn phòng. Kết luận: việc nắm rõ các phương pháp bố trí văn phòng sẽ giúp bạn lựa chọn tốt hơn.,các phương pháp bố trí văn phòng
https://noithattheone.vn/phong-cach-noi-that/cach-chinh-ghe-xoay-nga-lung.html,bố trí văn phòng đẹp,bố trí văn phòng đẹp. Bài viết về chủ đề bố trí văn phòng đẹp dành cho người quan tâm. Trong bài này chúng ta sẽ tìm hiểu chi tiết về bố trí văn phòng đẹp. bố trí văn phòng đẹp. cách lắp ráp ghế xoay lưới. cách lắp ráp ghế xoay lưới.  Đây là phần giữa bài viết với nội dung mở rộng về bố trí văn phòng đẹp và các vấn đề liên quan. Cùng tham khảo thêm các bài khác để hiểu sâu hơn về bố trí văn phòng đẹp. Kết luận: việc nắm rõ bố trí văn phòng đẹp sẽ giúp bạn lựa chọn tốt hơn.,bố trí văn phòng đẹp
https://noithattheone.vn/phong-cach-noi-that/ban-van-phong-1m.html,nguyên tắc bố trí văn phòng,nguyên tắc bố trí văn phòng. Bài viết về chủ đề nguyên tắc bố trí văn phòng dành cho người quan tâm. Trong bài này chúng ta sẽ tìm hiểu chi tiết về nguyên tắc bố trí văn phòng. nguyên tắc bố trí văn phòng. phong thuỷ cho văn phòng làm việc. phong thuỷ cho văn phòng làm việc.  Đây là phần giữa bài viết với nội dung mở rộng về nguyên tắc bố trí văn phòng và các vấn đề liên quan. Cùng tham khảo thêm các bài khác để hiểu sâu hơn về nguyên tắc bố trí văn phòng. Kết luận: việc nắm rõ nguyên tắc bố trí văn phòng sẽ giúp bạn lựa chọn tốt hơn.,nguyên tắc bố trí văn phòng
https://noithattheone.vn/phong-cach-noi-that/van-phong-dong-la-gi.html,bố trí văn phòng hợp lý,bố trí văn phòng hợp lý. Bài viết về chủ đề bố trí văn phòng hợp lý dành cho người quan tâm. Trong bài này chúng ta sẽ tìm hiểu chi tiết về bố trí văn phòng hợp lý. bố trí văn phòng hợp lý.  Đây là phần giữa bài viết với nội dung mở rộng về bố trí văn phòng hợp lý và các vấn đề liên quan. Cùng tham khảo thêm các bài khác để hiểu sâu hơn về bố trí văn phòng hợp lý. Kết luận: việc nắm rõ bố trí văn phòng hợp lý sẽ giúp bạn lựa chọn tốt hơn.,bố trí văn phòng hợp lý
https://noithattheone.vn/noi-that-cong-trinh/ghe-phong-cho-cong-cong,bố trí không gian văn phòng làm việc,bố trí không gian văn phòng làm việc. Bài viết về chủ đề bố trí không gian văn phòng làm việc dành cho người quan tâm. Trong bài này chúng ta sẽ tìm hiểu chi tiết về bố trí không gian văn phòng làm việc. bố trí không gian văn phòng làm việc.  Đây là phần giữa bài viết với nội dung mở rộng về bố trí không gian văn phòng làm việc và các vấn đề liên quan. Cùng tham khảo thêm các bài khác để hiểu sâu hơn về bố trí không gian văn phòng làm việc. Kết luận: việc nắm rõ bố trí không gian văn phòng làm việc sẽ giúp bạn lựa chọn tốt hơn.,bố trí không gian văn phòng làm việc
https://noithattheone.vn/phong-cach-noi-that/thay-luoi-ghe-cong-thai-hoc.html,bố trí văn phòng làm việc,bố trí văn phòng làm việc. Bài viết về chủ đề bố trí văn phòng làm việc dành cho người quan tâm. Trong bài này chúng ta sẽ tìm hiểu chi tiết về bố trí văn phòng làm việc. bố trí văn phòng làm việc. lắp ráp ghế xoay văn phòng. lắp ráp ghế xoay văn phòng.  Đây là phần giữa bài viết với nội dung mở rộng về bố trí văn phòng làm việc và các vấn đề liên quan. Cùng tham khảo thêm các bài khác để hiểu sâu hơn về bố trí văn phòng làm việc. Kết luận: việc nắm rõ bố trí văn phòng làm việc sẽ giúp bạn lựa chọn tốt hơn.,bố trí văn phòng làm việc
https://noithattheone.vn/tin-tuc/phong-thuy-mau-sac-trong-van-phong.html,bố trí văn phòng công ty,bố trí văn phòng công ty. Bài viết về chủ đề bố trí văn phòng công ty dành cho người quan tâm. Trong bài này chúng ta sẽ tìm hiểu chi tiết về bố trí văn phòng công ty. bố trí văn phòng công ty.  Đây là phần giữa bài viết với nội dung mở rộng về bố trí văn phòng công ty và các vấn đề liên quan. Cùng tham khảo thêm các bài khác để hiểu sâu hơn về bố trí văn phòng công ty. Kết luận: việc nắm rõ bố trí văn phòng công ty sẽ giúp bạn lựa chọn tốt hơn.,bố trí văn phòng công ty
https://noithattheone.vn/phong-cach-noi-that/ban-lam-viec-doi-dien-cua-ra-vao.html,bố trí văn phòng theo phong thủy,bố trí văn phòng theo phong thủy. Bài viết về chủ đề bố trí văn phòng theo phong thủy dành cho người quan tâm. Trong bài này chúng ta sẽ tìm hiểu chi tiết về bố trí văn phòng theo phong thủy. bố trí văn phòng theo phong thủy. bố trí văn phòng theo phong thủy.  Đây là phần giữa bài viết với nội dung mở rộng về bố trí văn phòng theo phong thủy và các vấn đề liên quan. Cùng tham khảo thêm các bài khác để hiểu sâu hơn về bố trí văn phòng theo phong thủy. Kết luận: việc nắm rõ bố trí văn phòng theo phong thủy sẽ giúp bạn lựa chọn tốt hơn.,bố trí văn phòng theo phong thủy
https://noithattheone.vn/phong-cach-noi-that/bi-quyet-phong-thuy-phong-lam-viec.html,bố trí văn phòng theo phong thủy,bố trí văn phòng theo phong thủy. Bài viết về chủ đề bố trí văn phòng theo phong thủy dành cho người quan tâm. Trong bài này chúng ta sẽ tìm hiểu chi tiết về bố trí văn phòng theo phong thủy. bố trí văn phòng theo phong thủy. bố trí văn phòng theo phong thủy. cách bố trí văn phòng làm việc theo phong thủy. cách bố trí văn phòng làm việc theo phong thủy. cách bố trí văn phòng theo phong thủy. cách bố trí văn phòng theo phong thủy. phong thủy bố trí văn phòng. phong thủy bố trí văn phòng. sắp xếp văn phòng theo phong thủy. sắp xếp văn phòng theo phong thủy. phong thủy hướng ngồi văn phòng. phong thủy hướng ngồi văn phòng. phong thủy văn phòng làm việc. phong thủy văn phòng làm việc. phong thủy trong văn phòng làm việc. phong thủy trong văn phòng làm việc. phong thủy trong bài trí văn phòng. phong thủy trong bài trí văn phòng. cách bài trí phong thủy trong văn phòng. cách bài trí phong thủy trong văn phòng. cách xem phong thủy văn phòng. cách xem phong thủy văn phòng. khái niệm phong thủy trong văn phòng. khái niệm phong thủy trong văn phòng. phong thuỷ cho văn phòng làm việc. phong thuỷ cho văn phòng làm việc. phong thuỷ cho văn phòng làm việc. phong thuỷ cho văn phòng làm việc. phong thủy khi thiết kế văn phòng. phong thủy khi thiết kế văn phòng. phong thủy nơi văn phòng. phong thủy nơi văn phòng. phong thủy phòng làm việc. phong thủy phòng làm việc. phong thủy trong nội thất văn phòng. phong thủy trong nội thất văn phòng. phong thủy trong văn phòng. phong thủy trong văn phòng. phong thủy văn phòng. phong thủy văn phòng. phong thủy văn phòng công ty. phong thủy văn phòng công ty. phong thủy văn phòng công ty. phong thủy văn phòng công ty. phong thủy văn phòng công ty. phong thủy văn phòng công ty. sắp xếp văn phòng hợp phong thủy. sắp xếp văn phòng hợp phong thủy. văn phòng công ty theo phong thủy. văn phòng công ty theo phong thủy. văn phòng hợp phong thủy. văn phòng hợp phong thủy. bố trí văn phòng theo phong thủy. bố trí văn phòng theo phong thủy. cách bố trí văn phòng làm việc theo phong thủy. cách bố trí văn phòng làm việc theo phong thủy. cách bố trí văn phòng theo phong thủy. cách bố trí văn phòng theo phong thủy. phong thủy bố trí văn phòng. phong thủy bố trí văn phòng. sắp xếp văn phòng theo phong thủy. sắp xếp văn phòng theo phong thủy. phong thủy hướng ngồi văn phòng. phong thủy hướng ngồi văn phòng. phong thủy văn phòng làm việc. phong thủy văn phòng làm việc. phong thủy trong văn phòng làm việc. phong thủy trong văn phòng làm việc. phong thủy trong bài trí văn phòng. phong thủy trong bài trí văn phòng. cách bài trí phong thủy trong văn phòng. cách bài trí phong thủy trong văn phòng. cách xem phong thủy văn phòng. cách xem phong thủy văn phòng. khái niệm phong thủy trong văn phòng. khái niệm phong thủy trong văn phòng. phong thuỷ cho văn phòng làm việc. phong thuỷ cho văn phòng làm việc. phong thủy khi thiết kế văn phòng. phong thủy khi thiết kế văn phòng.  Đây là phần giữa bài viết với nội dung mở rộng về bố trí văn phòng theo phong thủy và các vấn đề liên quan. Cùng tham khảo thêm các bài khác để hiểu sâu hơn về bố trí văn phòng theo phong thủy. Kết luận: việc nắm rõ bố trí văn phòng theo phong thủy sẽ giúp bạn lựa chọn tốt hơn.,bố trí văn phòng theo phong thủy
https://noithattheone.vn/phong-cach-noi-that/cach-lap-ban-lam-viec.html,phong thủy văn phòng làm việc,phong thủy văn phòng làm việc. Bài viết về chủ đề phong thủy văn phòng làm việc dành cho người quan tâm. Trong bài này chúng ta sẽ tìm hiểu chi tiết về phong thủy văn phòng làm việc. phong thủy văn phòng làm việc. phong thủy văn phòng làm việc.  Đây là phần giữa bài viết với nội dung mở rộng về phong thủy văn phòng làm việc và các vấn đề liên quan. Cùng tham khảo thêm các bài khác để hiểu sâu hơn về phong thủy văn phòng làm việc. Kết luận: việc nắm rõ phong thủy văn phòng làm việc sẽ giúp bạn lựa chọn tốt hơn.,phong thủy văn phòng làm việc
https://noithattheone.vn/phong-cach-noi-that/chon-huong-ban-lam-viec-nam-2025-chuan-phong-thuy-giup-su-nghiep-thang-tien.html,cách bài trí phong thủy trong văn phòng,cách bài trí phong thủy trong văn phòng. Bài viết về chủ đề cách bài trí phong thủy trong văn phòng dành cho người quan tâm. Trong bài này chúng ta sẽ tìm hiểu chi tiết về cách bài trí phong thủy trong văn phòng. cách bài trí phong thủy trong văn phòng. cách bài trí phong thủy trong văn phòng.  Đây là phần giữa bài viết với nội dung mở rộng về cách bài trí phong thủy trong văn phòng và các vấn đề liên quan. Cùng tham khảo thêm các bài khác để hiểu sâu hơn về cách bài trí phong thủy trong văn phòng. Kết luận: việc nắm rõ cách bài trí phong thủy trong văn phòng sẽ giúp bạn lựa chọn tốt hơn.,cách bài trí phong thủy trong văn phòng
https://noithattheone.vn/phong-cach-noi-that/21-ban-lam-viec-chan-sat-thep-1m6-chinh-hang-gia-uu-dai.html,khái niệm phong thủy trong văn phòng,khái niệm phong thủy trong văn phòng. Bài viết về chủ đề khái niệm phong thủy trong văn phòng dành cho người quan tâm. Trong bài này chúng ta sẽ tìm hiểu chi tiết về khái niệm phong thủy trong văn phòng. khái niệm phong thủy trong văn phòng. khái niệm phong thủy trong văn phòng.  Đây là phần giữa bài viết với nội dung mở rộng về khái niệm phong thủy trong văn phòng và các vấn đề liên quan. Cùng tham khảo thêm các bài khác để hiểu sâu hơn về khái niệm phong thủy trong văn phòng. Kết luận: việc nắm rõ khái niệm phong thủy trong văn phòng sẽ giúp bạn lựa chọn tốt hơn.,khái niệm phong thủy trong văn phòng
https://noithattheone.vn/phong-cach-noi-that/huong-ban-lam-viec-theo-tuoi.html,phong thuỷ cho văn phòng làm việc,phong thuỷ cho văn phòng làm việc. Bài viết về chủ đề phong thuỷ cho văn phòng làm việc dành cho người quan tâm. Trong bài này chúng ta sẽ tìm hiểu chi tiết về phong thuỷ cho văn phòng làm việc. phong thuỷ cho văn phòng làm việc. phong thuỷ cho văn phòng làm việc.  Đây là phần giữa bài viết với nội dung mở rộng về phong thuỷ cho văn phòng làm việc và các vấn đề liên quan. Cùng tham khảo thêm các bài khác để hiểu sâu hơn về phong thuỷ cho văn phòng làm việc. Kết luận: việc nắm rõ phong thuỷ cho văn phòng làm việc sẽ giúp bạn lựa chọn tốt hơn.,phong thuỷ cho văn phòng làm việc
https://noithattheone.vn/phong-cach-noi-that/cach-su-dung-ghe-xoay-van-phong.html,phong thủy khi thiết kế văn phòng,phong thủy khi thiết kế văn phòng. Bài viết về chủ đề phong thủy khi thiết kế văn phòng dành cho người quan tâm. Trong bài này chúng ta sẽ tìm hiểu chi tiết về phong thủy khi thiết kế văn phòng. phong thủy khi thiết kế văn phòng. phong thủy khi thiết kế văn phòng. cách lắp ghế xoay văn phòng. cách lắp ghế xoay văn phòng.  Đây là phần giữa bài viết với nội dung mở rộng về phong thủy khi thiết kế văn phòng và các vấn đề liên quan. Cùng tham khảo thêm các bài khác để hiểu sâu hơn về phong thủy khi thiết kế văn phòng. Kết luận: việc nắm rõ phong thủy khi thiết kế văn phòng sẽ giúp bạn lựa chọn tốt hơn.,phong thủy khi thiết kế văn phòng
https://noithattheone.vn/phong-cach-noi-that/kich-thuoc-ghe-xoay-van-phong.html,phong thủy nơi văn phòng,phong thủy nơi văn phòng. Bài viết về chủ đề phong thủy nơi văn phòng dành cho người quan tâm. Trong bài này chúng ta sẽ tìm hiểu chi tiết về phong thủy nơi văn phòng. phong thủy nơi văn phòng. phong thủy nơi văn phòng. lắp ráp ghế xoay văn phòng. lắp ráp ghế xoay văn phòng.  Đây là phần giữa bài viết với nội dung mở rộng về phong thủy nơi văn phòng và các vấn đề liên quan. Cùng tham khảo thêm các bài khác để hiểu sâu hơn về phong thủy nơi văn phòng. Kết luận: việc nắm rõ phong thủy nơi văn phòng sẽ giúp bạn lựa chọn tốt hơn.,phong thủy nơi văn phòng
https://noithattheone.vn/phong-cach-noi-that/huong-dan-sua-ghe-xoay-van-phong.html,phong thủy trong nội thất văn phòng,phong thủy trong nội thất văn phòng. Bài viết về chủ đề phong thủy trong nội thất văn phòng dành cho người quan tâm. Trong bài này chúng ta sẽ tìm hiểu chi tiết về phong thủy trong nội thất văn phòng. phong thủy trong nội thất văn phòng. phong thủy trong nội thất văn phòng. cách lắp ráp ghế xoay lưới. cách lắp ráp ghế xoay lưới.  Đây là phần giữa bài viết với nội dung mở rộng về phong thủy trong nội thất văn phòng và các vấn đề liên quan. Cùng tham khảo thêm các bài khác để hiểu sâu hơn về phong thủy trong nội thất văn phòng. Kết luận: việc nắm rõ phong thủy trong nội thất văn phòng sẽ giúp bạn lựa chọn tốt hơn.,phong thủy trong nội thất văn phòng
https://noithattheone.vn/phong-cach-noi-that/cach-thao-banh-xe-ghe-xoay-van-phong.html,phong thủy trong văn phòng,phong thủy trong văn phòng. Bài viết về chủ đề phong thủy trong văn phòng dành cho người quan tâm. Trong bài này chúng ta sẽ tìm hiểu chi tiết về phong thủy trong văn phòng. phong thủy trong văn phòng. phong thủy trong văn phòng. mẹo giúp lắp ráp ghế xoay lưới nhanh. mẹo giúp lắp ráp ghế xoay lưới nhanh.  Đây là phần giữa bài viết với nội dung mở rộng về phong thủy trong văn phòng và các vấn đề liên quan. Cùng tham khảo thêm các bài khác để hiểu sâu hơn về phong thủy trong văn phòng. Kết luận: việc nắm rõ phong thủy trong văn phòng sẽ giúp bạn lựa chọn tốt hơn.,phong thủy trong văn phòng
https://noithattheone.vn/phong-cach-noi-that/cach-thao-ghe-xoay-van-phong.html,phong thủy văn phòng,phong thủy văn phòng. Bài viết về chủ đề phong thủy văn phòng dành cho người quan tâm. Trong bài này chúng ta sẽ tìm hiểu chi tiết về phong thủy văn phòng. phong thủy văn phòng. phong thủy văn phòng. cách lắp ghế xoay văn phòng. cách lắp ghế xoay văn phòng.  Đây là phần giữa bài viết với nội dung mở rộng về phong thủy văn phòng và các vấn đề liên quan. Cùng tham khảo thêm các bài khác để hiểu sâu hơn về phong thủy văn phòng. Kết luận: việc nắm rõ phong thủy văn phòng sẽ giúp bạn lựa chọn tốt hơn.,phong thủy văn phòng
https://noithattheone.vn/phong-cach-noi-that/cach-ve-sinh-ghe-xoay-van-phong.html,phong thủy văn phòng công ty,phong thủy văn phòng công ty. Bài viết về chủ đề phong thủy văn phòng công ty dành cho người quan tâm. Trong bài này chúng ta sẽ tìm hiểu chi tiết về phong thủy văn phòng công ty. phong thủy văn phòng công ty. phong thủy văn phòng công ty. lắp ráp ghế xoay văn phòng. lắp ráp ghế xoay văn phòng.  Đây là phần giữa bài viết với nội dung mở rộng về phong thủy văn phòng công ty và các vấn đề liên quan. Cùng tham khảo thêm các bài khác để hiểu sâu hơn về phong thủy văn phòng công ty. Kết luận: việc nắm rõ phong thủy văn phòng công ty sẽ giúp bạn lựa chọn tốt hơn.,phong thủy văn phòng công ty
https://noithattheone.vn/phong-cach-noi-that/trang-tri-van-phong-cong-ty-du-lich.html,phong thủy văn phòng công ty,phong thủy văn phòng công ty. Bài viết về chủ đề phong thủy văn phòng công ty dành cho người quan tâm. Trong bài này chúng ta sẽ tìm hiểu chi tiết về phong thủy văn phòng công ty. phong thủy văn phòng công ty. phong thủy văn phòng công ty.  Đây là phần giữa bài viết với nội dung mở rộng về phong thủy văn phòng công ty và các vấn đề liên quan. Cùng tham khảo thêm các bài khác để hiểu sâu hơn về phong thủy văn phòng công ty. Kết luận: việc nắm rõ phong thủy văn phòng công ty sẽ giúp bạn lựa chọn tốt hơn.,phong thủy văn phòng công ty
https://noithattheone.vn/phong-cach-noi-that/quy-trinh-thiet-ke-noi-that-van-phong.html,văn phòng hợp phong thủy,văn phòng hợp phong thủy. Bài viết về chủ đề văn phòng hợp phong thủy dành cho người quan tâm. Trong bài này chúng ta sẽ tìm hiểu chi tiết về văn phòng hợp phong thủy. văn phòng hợp phong thủy. văn phòng hợp phong thủy.  Đây là phần giữa bài viết với nội dung mở rộng về văn phòng hợp phong thủy và các vấn đề liên quan. Cùng tham khảo thêm các bài khác để hiểu sâu hơn về văn phòng hợp phong thủy. Kết luận: việc nắm rõ văn phòng hợp phong thủy sẽ giúp bạn lựa chọn tốt hơn.,văn phòng hợp phong thủy
https://noithattheone.vn/phong-cach-noi-that/mo-hinh-van-phong-xanh.html,bố trí văn phòng theo phong thủy,bố trí văn phòng theo phong thủy. Bài viết về chủ đề bố trí văn phòng theo phong thủy dành cho người quan tâm. Trong bài này chúng ta sẽ tìm hiểu chi tiết về bố trí văn phòng theo phong thủy. bố trí văn phòng theo phong thủy. bố trí văn phòng theo phong thủy.  Đây là phần giữa bài viết với nội dung mở rộng về bố trí văn phòng theo phong thủy và các vấn đề liên quan. Cùng tham khảo thêm các bài khác để hiểu sâu hơn về bố trí văn phòng theo phong thủy. Kết luận: việc nắm rõ bố trí văn phòng theo phong thủy sẽ giúp bạn lựa chọn tốt hơn.,bố trí văn phòng theo phong thủy
https://noithattheone.vn/phong-cach-noi-that/ban-van-phong-go-hay-kim-loai.html,cách bố trí văn phòng theo phong thủy,cách bố trí văn phòng theo phong thủy. Bài viết về chủ đề cách bố trí văn phòng theo phong thủy dành cho người quan tâm. Trong bài này chúng ta sẽ tìm hiểu chi tiết về cách bố trí văn phòng theo phong thủy. cách bố trí văn phòng theo phong thủy. cách bố trí văn phòng theo phong thủy.  Đây là phần giữa bài viết với nội dung mở rộng về cách bố trí văn phòng theo phong thủy và các vấn đề liên quan. Cùng tham khảo thêm các bài khác để hiểu sâu hơn về cách bố trí văn phòng theo phong thủy. Kết luận: việc nắm rõ cách bố trí văn phòng theo phong thủy sẽ giúp bạn lựa chọn tốt hơn.,cách bố trí văn phòng theo phong thủy
https://noithattheone.vn/phong-cach-noi-that/ban-van-phong-the-one.html,phong thủy văn phòng làm việc,phong thủy văn phòng làm việc. Bài viết về chủ đề phong thủy văn phòng làm việc dành cho người quan tâm. Trong bài này chúng ta sẽ tìm hiểu chi tiết về phong thủy văn phòng làm việc. phong thủy văn phòng làm việc. phong thủy văn phòng làm việc.  Đây là phần giữa bài viết với nội dung mở rộng về phong thủy văn phòng làm việc và các vấn đề liên quan. Cùng tham khảo thêm các bài khác để hiểu sâu hơn về phong thủy văn phòng làm việc. Kết luận: việc nắm rõ phong thủy văn phòng làm việc sẽ giúp bạn lựa chọn tốt hơn.,phong thủy văn phòng làm việc
https://noithattheone.vn/phong-cach-noi-that/cach-chon-ban-van-phong.html,phong thủy trong văn phòng làm việc,phong thủy trong văn phòng làm việc. Bài viết về chủ đề phong thủy trong văn phòng làm việc dành cho người quan tâm. Trong bài này chúng ta sẽ tìm hiểu chi tiết về phong thủy trong văn phòng làm việc. phong thủy trong văn phòng làm việc. phong thủy trong văn phòng làm việc.  Đây là phần giữa bài viết với nội dung mở rộng về phong thủy trong văn phòng làm việc và các vấn đề liên quan. Cùng tham khảo thêm các bài khác để hiểu sâu hơn về phong thủy trong văn phòng làm việc. Kết luận: việc nắm rõ phong thủy trong văn phòng làm việc sẽ giúp bạn lựa chọn tốt hơn.,phong thủy trong văn phòng làm việc
https://noithattheone.vn/phong-cach-noi-that/cach-ve-sinh-ban-van-phong.html,phong thủy trong bài trí văn phòng,phong thủy trong bài trí văn phòng. Bài viết về chủ đề phong thủy trong bài trí văn phòng dành cho người quan tâm. Trong bài này chúng ta sẽ tìm hiểu chi tiết về phong thủy trong bài trí văn phòng. phong thủy trong bài trí văn phòng. phong thủy trong bài trí văn phòng.  Đây là phần giữa bài viết với nội dung mở rộng về phong thủy trong bài trí văn phòng và các vấn đề liên quan. Cùng tham khảo thêm các bài khác để hiểu sâu hơn về phong thủy trong bài trí văn phòng. Kết luận: việc nắm rõ phong thủy trong bài trí văn phòng sẽ giúp bạn lựa chọn tốt hơn.,phong thủy trong bài trí văn phòng
https://noithattheone.vn/phong-cach-noi-that/ghe-xoay-van-phong-la-gi.html,cách bài trí phong thủy trong văn phòng,cách bài trí phong thủy trong văn phòng. Bài viết về chủ đề cách bài trí phong thủy trong văn phòng dành cho người quan tâm. Trong bài này chúng ta sẽ tìm hiểu chi tiết về cách bài trí phong thủy trong văn phòng. cách bài trí phong thủy trong văn phòng. cách bài trí phong thủy trong văn phòng. cách lắp ráp ghế xoay lưới. cách lắp ráp ghế xoay lưới.  Đây là phần giữa bài viết với nội dung mở rộng về cách bài trí phong thủy trong văn phòng và các vấn đề liên quan. Cùng tham khảo thêm các bài khác để hiểu sâu hơn về cách bài trí phong thủy trong văn phòng. Kết luận: việc nắm rõ cách bài trí phong thủy trong văn phòng sẽ giúp bạn lựa chọn tốt hơn.,cách bài trí phong thủy trong văn phòng
https://noithattheone.vn/phong-cach-noi-that/tieu-chuan-de-xay-dung-van-phong-xanh.html,cách xem phong thủy văn phòng,cách xem phong thủy văn phòng. Bài viết về chủ đề cách xem phong thủy văn phòng dành cho người quan tâm. Trong bài này chúng ta sẽ tìm hiểu chi tiết về cách xem phong thủy văn phòng. cách xem phong thủy văn phòng. cách xem phong thủy văn phòng.  Đây là phần giữa bài viết với nội dung mở rộng về cách xem phong thủy văn phòng và các vấn đề liên quan. Cùng tham khảo thêm các bài khác để hiểu sâu hơn về cách xem phong thủy văn phòng. Kết luận: việc nắm rõ cách xem phong thủy văn phòng sẽ giúp bạn lựa chọn tốt hơn.,cách xem phong thủy văn phòng
https://noithattheone.vn/phong-cach-noi-that/vach-ngan-van-phong-xu-the-tro-lai.html,khái niệm phong thủy trong văn phòng,khái niệm phong thủy trong văn phòng. Bài viết về chủ đề khái niệm phong thủy trong văn phòng dành cho người quan tâm. Trong bài này chúng ta sẽ tìm hiểu chi tiết về khái niệm phong thủy trong văn phòng. khái niệm phong thủy trong văn phòng. khái niệm phong thủy trong văn phòng.  Đây là phần giữa bài viết với nội dung mở rộng về khái niệm phong thủy trong văn phòng và các vấn đề liên quan. Cùng tham khảo thêm các bài khác để hiểu sâu hơn về khái niệm phong thủy trong văn phòng. Kết luận: việc nắm rõ khái niệm phong thủy trong văn phòng sẽ giúp bạn lựa chọn tốt hơn.,khái niệm phong thủy trong văn phòng
https://noithattheone.vn/phong-cach-noi-that/van-phong-xanh--xu-huong-thiet-ke-van-phong-cua-tuong-lai.html,phong thuỷ cho văn phòng làm việc,phong thuỷ cho văn phòng làm việc. Bài viết về chủ đề phong thuỷ cho văn phòng làm việc dành cho người quan tâm. Trong bài này chúng ta sẽ tìm hiểu chi tiết về phong thuỷ cho văn phòng làm việc. phong thuỷ cho văn phòng làm việc. phong thuỷ cho văn phòng làm việc.  Đây là phần giữa bài viết với nội dung mở rộng về phong thuỷ cho văn phòng làm việc và các vấn đề liên quan. Cùng tham khảo thêm các bài khác để hiểu sâu hơn về phong thuỷ cho văn phòng làm việc. Kết luận: việc nắm rõ phong thuỷ cho văn phòng làm việc sẽ giúp bạn lựa chọn tốt hơn.,phong thuỷ cho văn phòng làm việc
https://noithattheone.vn/phong-cach-noi-that/xu-huong-ban-van-phong-hien-nay.html,phong thủy khi thiết kế văn phòng,phong thủy khi thiết kế văn phòng. Bài viết về chủ đề phong thủy khi thiết kế văn phòng dành cho người quan tâm. Trong bài này chúng ta sẽ tìm hiểu chi tiết về phong thủy khi thiết kế văn phòng. phong thủy khi thiết kế văn phòng. phong thủy khi thiết kế văn phòng.  Đây là phần giữa bài viết với nội dung mở rộng về phong thủy khi thiết kế văn phòng và các vấn đề liên quan. Cùng tham khảo thêm các bài khác để hiểu sâu hơn về phong thủy khi thiết kế văn phòng. Kết luận: việc nắm rõ phong thủy khi thiết kế văn phòng sẽ giúp bạn lựa chọn tốt hơn.,phong thủy khi thiết kế văn phòng
https://noithattheone.vn/phong-cach-noi-that/ban-ghe-giao-vien-noi-that-the-one.html,cách lắp ghế xoay văn phòng,cách lắp ghế xoay văn phòng. Bài viết về chủ đề cách lắp ghế xoay văn phòng dành cho người quan tâm. Trong bài này chúng ta sẽ tìm hiểu chi tiết về cách lắp ghế xoay văn phòng. cách lắp ghế xoay văn phòng. cách lắp ghế xoay văn phòng.  Đây là phần giữa bài viết với nội dung mở rộng về cách lắp ghế xoay văn phòng và các vấn đề liên quan. Cùng tham khảo thêm các bài khác để hiểu sâu hơn về cách lắp ghế xoay văn phòng. Kết luận: việc nắm rõ cách lắp ghế xoay văn phòng sẽ giúp bạn lựa chọn tốt hơn.,cách lắp ghế xoay văn phòng
https://noithattheone.vn/phong-cach-noi-that/cach-lap-rap-ghe-xoay-luoi.html,cách lắp ghế xoay văn phòng,cách lắp ghế xoay văn phòng. Bài viết về chủ đề cách lắp ghế xoay văn phòng dành cho người quan tâm. Trong bài này chúng ta sẽ tìm hiểu chi tiết về cách lắp ghế xoay văn phòng. cách lắp ghế xoay văn phòng. cách lắp ghế xoay văn phòng. lắp ráp ghế xoay văn phòng. lắp ráp ghế xoay văn phòng. các bước lắp ráp ghế xoay lưới. các bước lắp ráp ghế xoay lưới. cách lắp ráp ghế xoay lưới. cách lắp ráp ghế xoay lưới. mẹo giúp lắp ráp ghế xoay lưới nhanh. mẹo giúp lắp ráp ghế xoay lưới nhanh. cách lắp ghế xoay văn phòng. cách lắp ghế xoay văn phòng. lắp ráp ghế xoay văn phòng. lắp ráp ghế xoay văn phòng. các bước lắp ráp ghế xoay lưới. các bước lắp ráp ghế xoay lưới. cách lắp ráp ghế xoay lưới. cách lắp ráp ghế xoay lưới. mẹo giúp lắp ráp ghế xoay lưới nhanh. mẹo giúp lắp ráp ghế xoay lưới nhanh. cách lắp ghế xoay văn phòng. cách lắp ghế xoay văn phòng. lắp ráp ghế xoay văn phòng. lắp ráp ghế xoay văn phòng. các bước lắp ráp ghế xoay lưới. các bước lắp ráp ghế xoay lưới. cách lắp ráp ghế xoay lưới. cách lắp ráp ghế xoay lưới. mẹo giúp lắp ráp ghế xoay lưới nhanh. mẹo giúp lắp ráp ghế xoay lưới nhanh. cách lắp ghế xoay văn phòng. cách lắp ghế xoay văn phòng. cách lắp ghế xoay văn phòng. cách lắp ghế xoay văn phòng. lắp ráp ghế xoay văn phòng. lắp ráp ghế xoay văn phòng. các bước lắp ráp ghế xoay lưới. các bước lắp ráp ghế xoay lưới. cách lắp ráp ghế xoay lưới. cách lắp ráp ghế xoay lưới. mẹo giúp lắp ráp ghế xoay lưới nhanh. mẹo giúp lắp ráp ghế xoay lưới nhanh. cách lắp ghế xoay văn phòng. cách lắp ghế xoay văn phòng. lắp ráp ghế xoay văn phòng. lắp ráp ghế xoay văn phòng. các bước lắp ráp ghế xoay lưới. các bước lắp ráp ghế xoay lưới. cách lắp ráp ghế xoay lưới. cách lắp ráp ghế xoay lưới. mẹo giúp lắp ráp ghế xoay lưới nhanh. mẹo giúp lắp ráp ghế xoay lưới nhanh. cách lắp ghế xoay văn phòng. cách lắp ghế xoay văn phòng. lắp ráp ghế xoay văn phòng. lắp ráp ghế xoay văn phòng. các bước lắp ráp ghế xoay lưới. các bước lắp ráp ghế xoay lưới. cách lắp ráp ghế xoay lưới. cách lắp ráp ghế xoay lưới. mẹo giúp lắp ráp ghế xoay lưới nhanh. mẹo giúp lắp ráp ghế xoay lưới nhanh. cách lắp ghế xoay văn phòng. cách lắp ghế xoay văn phòng. lắp ráp ghế xoay văn phòng. lắp ráp ghế xoay văn phòng. các bước lắp ráp ghế xoay lưới. các bước lắp ráp ghế xoay lưới.  Đây là phần giữa bài viết với nội dung mở rộng về cách lắp ghế xoay văn phòng và các vấn đề liên quan. Cùng tham khảo thêm các bài khác để hiểu sâu hơn về cách lắp ghế xoay văn phòng. Kết luận: việc nắm rõ cách lắp ghế xoay văn phòng sẽ giúp bạn lựa chọn tốt hơn.,cách lắp ghế xoay văn phòng
https://noithattheone.vn/phong-cach-noi-that/bo-suu-tap-ban-ghe-hoc-danh-cho-be-thong-minh-tu-noi-that-the-one-1.html,lắp ráp ghế xoay văn phòng,lắp ráp ghế xoay văn phòng. Bài viết về chủ đề lắp ráp ghế xoay văn phòng dành cho người quan tâm. Trong bài này chúng ta sẽ tìm hiểu chi tiết về lắp ráp ghế xoay văn phòng. lắp ráp ghế xoay văn phòng. lắp ráp ghế xoay văn phòng.  Đây là phần giữa bài viết với nội dung mở rộng về lắp ráp ghế xoay văn phòng và các vấn đề liên quan. Cùng tham khảo thêm các bài khác để hiểu sâu hơn về lắp ráp ghế xoay văn phòng. Kết luận: việc nắm rõ lắp ráp ghế xoay văn phòng sẽ giúp bạn lựa chọn tốt hơn.,lắp ráp ghế xoay văn phòng
https://noithattheone.vn/phong-cach-noi-that/cach-nga-ghe-cong-thai-hoc.html,các bước lắp ráp ghế xoay lưới,các bước lắp ráp ghế xoay lưới. Bài viết về chủ đề các bước lắp ráp ghế xoay lưới dành cho người quan tâm. Trong bài này chúng ta sẽ tìm hiểu chi tiết về các bước lắp ráp ghế xoay lưới. các bước lắp ráp ghế xoay lưới. các bước lắp ráp ghế xoay lưới.  Đây là phần giữa bài viết với nội dung mở rộng về các bước lắp ráp ghế xoay lưới và các vấn đề liên quan. Cùng tham khảo thêm các bài khác để hiểu sâu hơn về các bước lắp ráp ghế xoay lưới. Kết luận: việc nắm rõ các bước lắp ráp ghế xoay lưới sẽ giúp bạn lựa chọn tốt hơn.,các bước lắp ráp ghế xoay lưới
https://noithattheone.vn/phong-cach-noi-that/kinh-nghiem-chon-mua-ghe-lanh-dao-ai-cung-nen-biet.html,mẹo giúp lắp ráp ghế xoay lưới nhanh,mẹo giúp lắp ráp ghế xoay lưới nhanh. Bài viết về chủ đề mẹo giúp lắp ráp ghế xoay lưới nhanh dành cho người quan tâm. Trong bài này chúng ta sẽ tìm hiểu chi tiết về mẹo giúp lắp ráp ghế xoay lưới nhanh. mẹo giúp lắp ráp ghế xoay lưới nhanh. mẹo giúp lắp ráp ghế xoay lưới nhanh.  Đây là phần giữa bài viết với nội dung mở rộng về mẹo giúp lắp ráp ghế xoay lưới nhanh và các vấn đề liên quan. Cùng tham khảo thêm các bài khác để hiểu sâu hơn về mẹo giúp lắp ráp ghế xoay lưới nhanh. Kết luận: việc nắm rõ mẹo giúp lắp ráp ghế xoay lưới nhanh sẽ giúp bạn lựa chọn tốt hơn.,mẹo giúp lắp ráp ghế xoay lưới nhanh
https://noithattheone.vn/phong-cach-noi-that/ngoi-ghe-cong-thai-hoc-bi-dau-lung.html,cách lắp ghế xoay văn phòng,cách lắp ghế xoay văn phòng. Bài viết về chủ đề cách lắp ghế xoay văn phòng dành cho người quan tâm. Trong bài này chúng ta sẽ tìm hiểu chi tiết về cách lắp ghế xoay văn phòng. cách lắp ghế xoay văn phòng. cách lắp ghế xoay văn phòng.  Đây là phần giữa bài viết với nội dung mở rộng về cách lắp ghế xoay văn phòng và các vấn đề liên quan. Cùng tham khảo thêm các bài khác để hiểu sâu hơn về cách lắp ghế xoay văn phòng. Kết luận: việc nắm rõ cách lắp ghế xoay văn phòng sẽ giúp bạn lựa chọn tốt hơn.,cách lắp ghế xoay văn phòng
https://noithattheone.vn/phong-cach-noi-that/nhung-dieu-can-chu-y-khi-mua-ghe-phong-cho-cho-benh-vien.html,lắp ráp ghế xoay văn phòng,lắp ráp ghế xoay văn phòng. Bài viết về chủ đề lắp ráp ghế xoay văn phòng dành cho người quan tâm. Trong bài này chúng ta sẽ tìm hiểu chi tiết về lắp ráp ghế xoay văn phòng. lắp ráp ghế xoay văn phòng. lắp ráp ghế xoay văn phòng.  Đây là phần giữa bài viết với nội dung mở rộng về lắp ráp ghế xoay văn phòng và các vấn đề liên quan. Cùng tham khảo thêm các bài khác để hiểu sâu hơn về lắp ráp ghế xoay văn phòng. Kết luận: việc nắm rõ lắp ráp ghế xoay văn phòng sẽ giúp bạn lựa chọn tốt hơn.,lắp ráp ghế xoay văn phòng
https://noithattheone.vn/phong-cach-noi-that/top-ban-ghe-hoc-sinh-duoc-yeu-thich-nhat-tu-noi-that-hoa-phat.html,các bước lắp ráp ghế xoay lưới,các bước lắp ráp ghế xoay lưới. Bài viết về chủ đề các bước lắp ráp ghế xoay lưới dành cho người quan tâm. Trong bài này chúng ta sẽ tìm hiểu chi tiết về các bước lắp ráp ghế xoay lưới. các bước lắp ráp ghế xoay lưới. các bước lắp ráp ghế xoay lưới.  Đây là phần giữa bài viết với nội dung mở rộng về các bước lắp ráp ghế xoay lưới và các vấn đề liên quan. Cùng tham khảo thêm các bài khác để hiểu sâu hơn về các bước lắp ráp ghế xoay lưới. Kết luận: việc nắm rõ các bước lắp ráp ghế xoay lưới sẽ giúp bạn lựa chọn tốt hơn.,các bước lắp ráp ghế xoay lưới
https://noithattheone.vn/phong-cach-noi-that/tu-van-chon-ban-ghe-hoc-sinh-tai-nha-sao-cho-dung.html,cách lắp ráp ghế xoay lưới,cách lắp ráp ghế xoay lưới. Bài viết về chủ đề cách lắp ráp ghế xoay lưới dành cho người quan tâm. Trong bài này chúng ta sẽ tìm hiểu chi tiết về cách lắp ráp ghế xoay lưới. cách lắp ráp ghế xoay lưới. cách lắp ráp ghế xoay lưới.  Đây là phần giữa bài viết với nội dung mở rộng về cách lắp ráp ghế xoay lưới và các vấn đề liên quan. Cùng tham khảo thêm các bài khác để hiểu sâu hơn về cách lắp ráp ghế xoay lưới. Kết luận: việc nắm rõ cách lắp ráp ghế xoay lưới sẽ giúp bạn lựa chọn tốt hơn.,cách lắp ráp ghế xoay lưới
https://noithattheone.vn/phong-cach-noi-that/khoang-cach-giua-ban-va-ghe-hoc-sinh.html,mẹo giúp lắp ráp ghế xoay lưới nhanh,mẹo giúp lắp ráp ghế xoay lưới nhanh. Bài viết về chủ đề mẹo giúp lắp ráp ghế xoay lưới nhanh dành cho người quan tâm. Trong bài này chúng ta sẽ tìm hiểu chi tiết về mẹo giúp lắp ráp ghế xoay lưới nhanh. mẹo giúp lắp ráp ghế xoay lưới nhanh. mẹo giúp lắp ráp ghế xoay lưới nhanh.  Đây là phần giữa bài viết với nội dung mở rộng về mẹo giúp lắp ráp ghế xoay lưới nhanh và các vấn đề liên quan. Cùng tham khảo thêm các bài khác để hiểu sâu hơn về mẹo giúp lắp ráp ghế xoay lưới nhanh. Kết luận: việc nắm rõ mẹo giúp lắp ráp ghế xoay lưới nhanh sẽ giúp bạn lựa chọn tốt hơn.,mẹo giúp lắp ráp ghế xoay lưới nhanh
https://noithattheone.vn/phong-cach-noi-that/quy-trinh-san-xuat-ban-ghe-hoc-sinh.html,cách lắp ghế xoay văn phòng,cách lắp ghế xoay văn phòng. Bài viết về chủ đề cách lắp ghế xoay văn phòng dành cho người quan tâm. Trong bài này chúng ta sẽ tìm hiểu chi tiết về cách lắp ghế xoay văn phòng. cách lắp ghế xoay văn phòng. cách lắp ghế xoay văn phòng.  Đây là phần giữa bài viết với nội dung mở rộng về cách lắp ghế xoay văn phòng và các vấn đề liên quan. Cùng tham khảo thêm các bài khác để hiểu sâu hơn về cách lắp ghế xoay văn phòng. Kết luận: việc nắm rõ cách lắp ghế xoay văn phòng sẽ giúp bạn lựa chọn tốt hơn.,cách lắp ghế xoay văn phòng
https://noithattheone.vn/phong-cach-noi-that/huong-dan-chon-kich-thuoc-ghe-quay-bar-chuan-va-thoai-mai-nhat.html,các bước lắp ráp ghế xoay lưới,các bước lắp ráp ghế xoay lưới. Bài viết về chủ đề các bước lắp ráp ghế xoay lưới dành cho người quan tâm. Trong bài này chúng ta sẽ tìm hiểu chi tiết về các bước lắp ráp ghế xoay lưới. các bước lắp ráp ghế xoay lưới. các bước lắp ráp ghế xoay lưới.  Đây là phần giữa bài viết với nội dung mở rộng về các bước lắp ráp ghế xoay lưới và các vấn đề liên quan. Cùng tham khảo thêm các bài khác để hiểu sâu hơn về các bước lắp ráp ghế xoay lưới. Kết luận: việc nắm rõ các bước lắp ráp ghế xoay lưới sẽ giúp bạn lựa chọn tốt hơn.,các bước lắp ráp ghế xoay lưới
https://noithattheone.vn/phong-cach-noi-that/cach-chon-ghe-hoc-sinh.html,mẹo giúp lắp ráp ghế xoay lưới nhanh,mẹo giúp lắp ráp ghế xoay lưới nhanh. Bài viết về chủ đề mẹo giúp lắp ráp ghế xoay lưới nhanh dành cho người quan tâm. Trong bài này chúng ta sẽ tìm hiểu chi tiết về mẹo giúp lắp ráp ghế xoay lưới nhanh. mẹo giúp lắp ráp ghế xoay lưới nhanh. mẹo giúp lắp ráp ghế xoay lưới nhanh.  Đây là phần giữa bài viết với nội dung mở rộng về mẹo giúp lắp ráp ghế xoay lưới nhanh và các vấn đề liên quan. Cùng tham khảo thêm các bài khác để hiểu sâu hơn về mẹo giúp lắp ráp ghế xoay lưới nhanh. Kết luận: việc nắm rõ mẹo giúp lắp ráp ghế xoay lưới nhanh sẽ giúp bạn lựa chọn tốt hơn.,mẹo giúp lắp ráp ghế xoay lưới nhanh
https://noithattheone.vn/phong-cach-noi-that/kich-thuoc-ghe-chan-quy.html,lắp ráp ghế xoay văn phòng,lắp ráp ghế xoay văn phòng. Bài viết về chủ đề lắp ráp ghế xoay văn phòng dành cho người quan tâm. Trong bài này chúng ta sẽ tìm hiểu chi tiết về lắp ráp ghế xoay văn phòng. lắp ráp ghế xoay văn phòng. lắp ráp ghế xoay văn phòng.  Đây là phần giữa bài viết với nội dung mở rộng về lắp ráp ghế xoay văn phòng và các vấn đề liên quan. Cùng tham khảo thêm các bài khác để hiểu sâu hơn về lắp ráp ghế xoay văn phòng. Kết luận: việc nắm rõ lắp ráp ghế xoay văn phòng sẽ giúp bạn lựa chọn tốt hơn.,lắp ráp ghế xoay văn phòng
https://noithattheone.vn/phong-cach-noi-that/ngoi-ghe-cong-thai-hoc-dung-cach.html,các bước lắp ráp ghế xoay lưới,các bước lắp ráp ghế xoay lưới. Bài viết về chủ đề các bước lắp ráp ghế xoay lưới dành cho người quan tâm. Trong bài này chúng ta sẽ tìm hiểu chi tiết về các bước lắp ráp ghế xoay lưới. các bước lắp ráp ghế xoay lưới. các bước lắp ráp ghế xoay lưới.  Đây là phần giữa bài viết với nội dung mở rộng về các bước lắp ráp ghế xoay lưới và các vấn đề liên quan. Cùng tham khảo thêm các bài khác để hiểu sâu hơn về các bước lắp ráp ghế xoay lưới. Kết luận: việc nắm rõ các bước lắp ráp ghế xoay lưới sẽ giúp bạn lựa chọn tốt hơn.,các bước lắp ráp ghế xoay lưới
https://noithattheone.vn/phong-cach-noi-that/cach-su-dung-ghe-cong-thai-hoc.html,cách lắp ráp ghế xoay lưới,cách lắp ráp ghế xoay lưới. Bài viết về chủ đề cách lắp ráp ghế xoay lưới dành cho người quan tâm. Trong bài này chúng ta sẽ tìm hiểu chi tiết về cách lắp ráp ghế xoay lưới. cách lắp ráp ghế xoay lưới. cách lắp ráp ghế xoay lưới.  Đây là phần giữa bài viết với nội dung mở rộng về cách lắp ráp ghế xoay lưới và các vấn đề liên quan. Cùng tham khảo thêm các bài khác để hiểu sâu hơn về cách lắp ráp ghế xoay lưới. Kết luận: việc nắm rõ cách lắp ráp ghế xoay lưới sẽ giúp bạn lựa chọn tốt hơn.,cách lắp ráp ghế xoay lưới
https://noithattheone.vn/phong-cach-noi-that/ghe-cong-thai-hoc-la-gi.html,mẹo giúp lắp ráp ghế xoay lưới nhanh,mẹo giúp lắp ráp ghế xoay lưới nhanh. Bài viết về chủ đề mẹo giúp lắp ráp ghế xoay lưới nhanh dành cho người quan tâm. Trong bài này chúng ta sẽ tìm hiểu chi tiết về mẹo giúp lắp ráp ghế xoay lưới nhanh. mẹo giúp lắp ráp ghế xoay lưới nhanh. mẹo giúp lắp ráp ghế xoay lưới nhanh.  Đây là phần giữa bài viết với nội dung mở rộng về mẹo giúp lắp ráp ghế xoay lưới nhanh và các vấn đề liên quan. Cùng tham khảo thêm các bài khác để hiểu sâu hơn về mẹo giúp lắp ráp ghế xoay lưới nhanh. Kết luận: việc nắm rõ mẹo giúp lắp ráp ghế xoay lưới nhanh sẽ giúp bạn lựa chọn tốt hơn.,mẹo giúp lắp ráp ghế xoay lưới nhanh
https://noithattheone.vn/phong-cach-noi-that/kich-thuoc-ghe-cong-thai-hoc.html,cách lắp ghế xoay văn phòng,cách lắp ghế xoay văn phòng. Bài viết về chủ đề cách lắp ghế xoay văn phòng dành cho người quan tâm. Trong bài này chúng ta sẽ tìm hiểu chi tiết về cách lắp ghế xoay văn phòng. cách lắp ghế xoay văn phòng. cách lắp ghế xoay văn phòng.  Đây là phần giữa bài viết với nội dung mở rộng về cách lắp ghế xoay văn phòng và các vấn đề liên quan. Cùng tham khảo thêm các bài khác để hiểu sâu hơn về cách lắp ghế xoay văn phòng. Kết luận: việc nắm rõ cách lắp ghế xoay văn phòng sẽ giúp bạn lựa chọn tốt hơn.,cách lắp ghế xoay văn phòng
https://noithattheone.vn/phong-cach-noi-that/cach-lap-ghe-cong-thai-hoc.html,lắp ráp ghế xoay văn phòng,lắp ráp ghế xoay văn phòng. Bài viết về chủ đề lắp ráp ghế xoay văn phòng dành cho người quan tâm. Trong bài này chúng ta sẽ tìm hiểu chi tiết về lắp ráp ghế xoay văn phòng. lắp ráp ghế xoay văn phòng. lắp ráp ghế xoay văn phòng.  Đây là phần giữa bài viết với nội dung mở rộng về lắp ráp ghế xoay văn phòng và các vấn đề liên quan. Cùng tham khảo thêm các bài khác để hiểu sâu hơn về lắp ráp ghế xoay văn phòng. Kết luận: việc nắm rõ lắp ráp ghế xoay văn phòng sẽ giúp bạn lựa chọn tốt hơn.,lắp ráp ghế xoay văn phòng
https://noithattheone.vn/phong-cach-noi-that/ve-sinh-ghe-cong-thai-hoc.html,các bước lắp ráp ghế xoay lưới,các bước lắp ráp ghế xoay lưới. Bài viết về chủ đề các bước lắp ráp ghế xoay lưới dành cho người quan tâm. Trong bài này chúng ta sẽ tìm hiểu chi tiết về các bước lắp ráp ghế xoay lưới. các bước lắp ráp ghế xoay lưới. các bước lắp ráp ghế xoay lưới.  Đây là phần giữa bài viết với nội dung mở rộng về các bước lắp ráp ghế xoay lưới và các vấn đề liên quan. Cùng tham khảo thêm các bài khác để hiểu sâu hơn về các bước lắp ráp ghế xoay lưới. Kết luận: việc nắm rõ các bước lắp ráp ghế xoay lưới sẽ giúp bạn lựa chọn tốt hơn.,các bước lắp ráp ghế xoay lưới
https://noithattheone.vn/phong-cach-noi-that/ve-sinh-ghe-luoi.html,cách lắp ráp ghế xoay lưới,cách lắp ráp ghế xoay lưới. Bài viết về chủ đề cách lắp ráp ghế xoay lưới dành cho người quan tâm. Trong bài này chúng ta sẽ tìm hiểu chi tiết về cách lắp ráp ghế xoay lưới. cách lắp ráp ghế xoay lưới. cách lắp ráp ghế xoay lưới.  Đây là phần giữa bài viết với nội dung mở rộng về cách lắp ráp ghế xoay lưới và các vấn đề liên quan. Cùng tham khảo thêm các bài khác để hiểu sâu hơn về cách lắp ráp ghế xoay lưới. Kết luận: việc nắm rõ cách lắp ráp ghế xoay lưới sẽ giúp bạn lựa chọn tốt hơn.,cách lắp ráp ghế xoay lưới
https://noithattheone.vn/phong-cach-noi-that/kich-thuoc-ghe-hoi-truong.html,mẹo giúp lắp ráp ghế xoay lưới nhanh,mẹo giúp lắp ráp ghế xoay lưới nhanh. Bài viết về chủ đề mẹo giúp lắp ráp ghế xoay lưới nhanh dành cho người quan tâm. Trong bài này chúng ta sẽ tìm hiểu chi tiết về mẹo giúp lắp ráp ghế xoay lưới nhanh. mẹo giúp lắp ráp ghế xoay lưới nhanh. mẹo giúp lắp ráp ghế xoay lưới nhanh.  Đây là phần giữa bài viết với nội dung mở rộng về mẹo giúp lắp ráp ghế xoay lưới nhanh và các vấn đề liên quan. Cùng tham khảo thêm các bài khác để hiểu sâu hơn về mẹo giúp lắp ráp ghế xoay lưới nhanh. Kết luận: việc nắm rõ mẹo giúp lắp ráp ghế xoay lưới nhanh sẽ giúp bạn lựa chọn tốt hơn.,mẹo giúp lắp ráp ghế xoay lưới nhanh
https://noithattheone.vn/phong-cach-noi-that/ghe-xoay-khong-nga-duoc.html,các bước lắp ráp ghế xoay lưới,các bước lắp ráp ghế xoay lưới. Bài viết về chủ đề các bước lắp ráp ghế xoay lưới dành cho người quan tâm. Trong bài này chúng ta sẽ tìm hiểu chi tiết về các bước lắp ráp ghế xoay lưới. các bước lắp ráp ghế xoay lưới. các bước lắp ráp ghế xoay lưới.  Đây là phần giữa bài viết với nội dung mở rộng về các bước lắp ráp ghế xoay lưới và các vấn đề liên quan. Cùng tham khảo thêm các bài khác để hiểu sâu hơn về các bước lắp ráp ghế xoay lưới. Kết luận: việc nắm rõ các bước lắp ráp ghế xoay lưới sẽ giúp bạn lựa chọn tốt hơn.,các bước lắp ráp ghế xoay lưới
